boundary_order,camera_relative_rotation_deg,camera_relative_translation_m,case_id,seam_orientation_excess_deg,seam_root_excess_mm,transition_angle_deg
1,135.02422103474834,8.718109040283162,aist__gBR_sBM_cAll_d06_mBR2_ch01__mc150-3,61.618872488439614,392.31281204789957,134.945766399
2,90.4906870035629,6.866131569312838,aist__gBR_sBM_cAll_d06_mBR2_ch01__mc150-3,53.967266698010675,54.95170233517557,90.473703724
1,135.04554759614598,8.764364738083515,aist__gBR_sBM_cAll_d06_mBR2_ch02__mc150-3,47.97112442278156,519.0941031373267,134.945766399
2,44.54712070966823,3.645898951854865,aist__gBR_sBM_cAll_d06_mBR2_ch02__mc150-3,17.399066147526966,398.9876483210946,44.511050548
1,90.14228368526784,6.687383327905686,aist__gBR_sBM_cAll_d06_mBR3_ch01__mc150-3,45.72062629934056,197.47665084064005,90.254734253
2,35.021490624814525,3.2139219157363526,aist__gBR_sBM_cAll_d06_mBR3_ch01__mc150-3,8.683108192881447,510.1870089474766,44.511050548
1,35.318511474529885,3.083527648615791,aist__gBR_sBM_cAll_d06_mBR3_ch02__mc150-3,15.468954131757004,413.1380082360614,44.524424831
2,135.0424137564892,9.02162208516427,aist__gBR_sBM_cAll_d06_mBR3_ch02__mc150-3,74.4731153415275,245.95179342436725,134.92648831
1,90.17348263479813,6.7116798279158365,aist__gBR_sBM_cAll_d06_mBR4_ch01__mc150-3,50.19418346156122,339.8086573500848,90.254734253
2,135.0245060769141,9.002848442068402,aist__gBR_sBM_cAll_d06_mBR4_ch01__mc150-3,63.6244472319426,261.08411895879385,134.92648831
1,135.03581946981356,8.7355372611194,aist__gBR_sBM_cAll_d06_mBR4_ch02__mc150-3,101.87210569868911,357.8990941985627,134.945766399
2,44.547120497489566,3.645898951854865,aist__gBR_sBM_cAll_d06_mBR4_ch02__mc150-3,16.83653345988365,509.8065122022598,44.511050548
1,135.03645573191824,8.728917427127927,aist__gBR_sBM_cAll_d06_mBR5_ch01__mc150-3,59.988229788769864,167.28202360219197,134.945766399
2,44.5471204977372,3.645898951854865,aist__gBR_sBM_cAll_d06_mBR5_ch01__mc150-3,25.614952552269575,593.2812327066189,44.511050548
1,135.0218741842494,8.744262631991008,aist__gBR_sBM_cAll_d06_mBR5_ch02__mc150-3,70.41333211504673,657.4417277012699,134.945766399
2,90.49068700275848,6.866131569312838,aist__gBR_sBM_cAll_d06_mBR5_ch02__mc150-3,24.48296775318249,290.2376174463473,90.473703724
1,72.74305820807304,6.117579987898531,aist__gHO_sBM_cAll_d21_mHO3_ch01__mc150-3,30.036259904713045,907.1044629691888,89.986797732
2,134.51190668514045,9.039329329959058,aist__gHO_sBM_cAll_d21_mHO3_ch01__mc150-3,56.704351321433535,205.73947891024966,134.502688461
1,35.58909040143268,3.262476619844188,aist__gHO_sBM_cAll_d21_mHO3_ch02__mc150-3,6.60602545108726,343.45467979391356,44.970501317
2,89.72660104628616,7.058116054055334,aist__gHO_sBM_cAll_d21_mHO3_ch02__mc150-3,34.404223893262895,534.7068004873292,89.731808913
1,134.85470766817986,8.91955006806799,aist__gHO_sBM_cAll_d21_mHO4_ch01__mc150-3,35.30366249174998,94.15957720547198,134.831728986
2,89.73456312739333,7.059897189487837,aist__gHO_sBM_cAll_d21_mHO4_ch01__mc150-3,48.72572020533238,157.96569865887878,89.731808913
1,134.86537177340057,8.936930572376264,aist__gHO_sBM_cAll_d21_mHO4_ch02__mc150-3,52.063418031727345,273.04800226562577,134.831728986
2,45.41590837561787,3.713132067245312,aist__gHO_sBM_cAll_d21_mHO4_ch02__mc150-3,13.429266452475696,417.2439204644672,45.413062702
1,134.86287436711763,8.894789298975727,aist__gHO_sBM_cAll_d21_mHO5_ch01__mc150-3,,,134.831728986
2,45.4159084057469,3.713132067245312,aist__gHO_sBM_cAll_d21_mHO5_ch01__mc150-3,24.947861994453746,558.7993577572958,45.413062702
1,134.89180329948653,8.97758625012224,aist__gHO_sBM_cAll_d21_mHO5_ch02__mc150-3,,,134.831728986
2,89.73456257531137,7.059897189487837,aist__gHO_sBM_cAll_d21_mHO5_ch02__mc150-3,39.979353263831634,505.17045279556515,89.731808913
1,89.7711980650054,6.925034278723882,aist__gHO_sBM_cAll_d21_mHO5_ch03__mc150-3,17.516818352508693,371.45906448313826,89.908066027
2,36.39167400705762,3.148034922664938,aist__gHO_sBM_cAll_d21_mHO5_ch03__mc150-3,10.623542910979475,214.40226975366312,45.413062702
1,89.83203498023991,6.962445421611793,aist__gHO_sBM_cAll_d21_mHO5_ch04__mc150-3,42.54489958190794,376.5585614769379,89.908066027
2,36.26646987945131,3.1807154548350085,aist__gHO_sBM_cAll_d21_mHO5_ch04__mc150-3,12.484258750415883,730.4901136941227,45.413062702
1,134.87170558371668,8.93627097028466,aist__gHO_sBM_cAll_d21_mHO5_ch05__mc150-3,,,134.831728986
2,45.415908273433075,3.713132067245312,aist__gHO_sBM_cAll_d21_mHO5_ch05__mc150-3,20.310121075472765,668.5481031517327,45.413062702
1,35.753317943247296,3.2122526925415875,aist__gHO_sBM_cAll_d21_mHO5_ch06__mc150-3,10.296175718455727,419.37489406006574,44.970501317
2,89.73362804027026,7.059729380278607,aist__gHO_sBM_cAll_d21_mHO5_ch06__mc150-3,32.594587221909094,258.20648510502,89.731808913
1,134.86819358365224,8.92488869128199,aist__gHO_sBM_cAll_d21_mHO5_ch10__mc150-3,39.3047042297183,581.8649364134203,134.831728986
2,45.41590832647214,3.713132067245312,aist__gHO_sBM_cAll_d21_mHO5_ch10__mc150-3,23.591436221450408,591.6033112057901,45.413062702
1,36.29379102138686,3.2418552905074494,aist__gHO_sFM_cAll_d21_mHO5_ch20__mc150-3,22.749267363089714,285.68291030385285,45.413062702
2,134.47538522219315,9.072360621915765,aist__gHO_sFM_cAll_d21_mHO5_ch20__mc150-3,,,134.502688461
1,135.39080705996145,8.805024272925879,aist__gJB_sBM_cAll_d09_mJB2_ch01__mc150-3,55.83911658200716,1064.916401472261,135.393325045
2,89.67827838849341,6.727240759358763,aist__gJB_sBM_cAll_d09_mJB2_ch01__mc150-3,,,89.664662591
1,135.387079940585,8.833756536464348,aist__gJB_sBM_cAll_d09_mJB2_ch02__mc150-3,72.49491221836942,661.5221207358752,135.393325045
2,89.67827840193293,6.727240759358763,aist__gJB_sBM_cAll_d09_mJB2_ch02__mc150-3,,,89.664662591
1,135.4813323299063,8.977866930823222,aist__gJB_sBM_cAll_d09_mJB3_ch01__mc150-3,,,135.470758724
2,44.90437136751599,3.6944809452196163,aist__gJB_sBM_cAll_d09_mJB3_ch01__mc150-3,19.79344069261752,230.7121740524733,44.898103728
1,36.12137815945678,3.097538137131426,aist__gJB_sBM_cAll_d09_mJB3_ch02__mc150-3,14.336428077731771,674.8640407424213,45.141505892
2,135.41869652918373,8.826457701605063,aist__gJB_sBM_cAll_d09_mJB3_ch02__mc150-3,16.495961177781783,104.16785294924735,135.393325045
1,135.43584170738438,8.933224335144386,aist__gJB_sBM_cAll_d09_mJB4_ch01__mc150-3,,,135.393325045
2,89.67827774455225,6.727240759358763,aist__gJB_sBM_cAll_d09_mJB4_ch01__mc150-3,,,89.664662591
1,89.81371630847364,6.473716004686095,aist__gJB_sBM_cAll_d09_mJB4_ch02__mc150-3,,,89.664662591
2,35.4058767921793,3.0303586159350826,aist__gJB_sBM_cAll_d09_mJB4_ch02__mc150-3,6.699685425191113,303.2901193940951,44.898103728
1,89.73292908069352,6.667933326651409,aist__gJB_sBM_cAll_d09_mJB5_ch02__mc150-3,,,89.664662591
2,35.352734017988105,3.421254214181589,aist__gJB_sBM_cAll_d09_mJB5_ch02__mc150-3,3.6642756868375734,361.8713296403016,44.898103728
1,135.4696289977928,8.994824202058743,aist__gJB_sBM_cAll_d09_mJB5_ch03__mc150-3,13.053586727495889,320.3018936925369,135.470758724
2,44.90437152671639,3.6944809452196163,aist__gJB_sBM_cAll_d09_mJB5_ch03__mc150-3,8.04281754127984,176.89927448133693,44.898103728
1,36.02389430757338,3.000717443790877,aist__gJB_sBM_cAll_d09_mJB5_ch04__mc150-3,20.524664731813573,545.209135016208,44.778715753
2,89.66540382601059,6.7535598539508515,aist__gJB_sBM_cAll_d09_mJB5_ch04__mc150-3,56.551618455550184,1338.3726349736255,89.664662591
1,89.77273121145724,6.543534265709227,aist__gJB_sBM_cAll_d09_mJB5_ch05__mc150-3,47.522887867397635,1374.934077124078,89.664662591
2,35.66895185173312,2.7704032980839397,aist__gJB_sBM_cAll_d09_mJB5_ch05__mc150-3,,,44.898103728
1,89.79727944087846,6.611675028600009,aist__gJB_sBM_cAll_d09_mJB5_ch06__mc150-3,,,89.664662591
2,35.501126420554414,3.1180714761482253,aist__gJB_sBM_cAll_d09_mJB5_ch06__mc150-3,,,44.898103728
1,89.93260014123895,6.685975425444808,aist__gJB_sBM_cAll_d09_mJB5_ch08__mc150-3,38.35355687873558,906.5528789379242,89.664662591
2,35.847973712025066,3.4224025592028284,aist__gJB_sBM_cAll_d09_mJB5_ch08__mc150-3,,,44.898103728
1,89.78301676217559,6.63812269554049,aist__gJB_sFM_cAll_d09_mJB5_ch20__mc150-3,38.99558498400619,504.9087692669249,89.664662591
2,135.39036926043272,8.839176202440484,aist__gJB_sFM_cAll_d09_mJB5_ch20__mc150-3,33.54594104855905,720.2271269822364,135.393325045
1,36.36233304291695,3.4860395857486917,aist__gJS_sBM_cAll_d03_mJS3_ch01__mc150-3,16.414850839919204,507.40646737021314,44.98137654
2,135.1270814830218,8.56608970941338,aist__gJS_sBM_cAll_d03_mJS3_ch01__mc150-3,59.922530348418725,279.30686032588386,135.095057265
1,72.30262151318422,4.832780053523743,aist__gJS_sBM_cAll_d03_mJS3_ch02__mc150-3,2.9171796025383308,1097.2822104609984,90.840513755
2,135.13540402991617,8.535468269736397,aist__gJS_sBM_cAll_d03_mJS3_ch02__mc150-3,53.55105315507843,435.0083746245122,135.095057265
1,135.1288043055177,8.541371700573988,aist__gJS_sBM_cAll_d03_mJS3_ch06__mc150-3,,,135.095057265
2,44.99682850098663,3.9439659042369373,aist__gJS_sBM_cAll_d03_mJS3_ch06__mc150-3,18.20416449061645,620.3297912886107,44.98137654
1,135.12226255896238,8.543193916933694,aist__gJS_sBM_cAll_d03_mJS3_ch07__mc150-3,63.92902182306393,454.6640960162373,135.095057265
2,44.99682842169698,3.9439659042369373,aist__gJS_sBM_cAll_d03_mJS3_ch07__mc150-3,17.796391926736604,472.5540199659752,44.98137654
1,90.51466504287129,6.955684079312674,aist__gJS_sBM_cAll_d03_mJS3_ch08__mc150-3,31.295296581099528,538.9025553706798,90.761448635
2,36.341250119706814,3.407653584466279,aist__gJS_sBM_cAll_d03_mJS3_ch08__mc150-3,10.645106835397808,367.2119761724921,44.98137654
1,36.3539361364111,3.3011756994974215,aist__gJS_sBM_cAll_d03_mJS3_ch09__mc150-3,6.530004996828116,251.69188449475044,44.98137654
2,89.36030843571882,6.698918936391671,aist__gJS_sBM_cAll_d03_mJS3_ch09__mc150-3,,,89.213908902
1,36.4641407461266,3.7321942613339316,aist__gJS_sBM_cAll_d03_mJS4_ch01__mc150-3,10.985719099536759,501.3186089812076,44.98137654
2,135.13633563946613,8.542173690937007,aist__gJS_sBM_cAll_d03_mJS4_ch01__mc150-3,67.47247076155242,310.00232759604825,135.095057265
1,36.56241733149175,3.4972261086611005,aist__gJS_sBM_cAll_d03_mJS5_ch01__mc150-3,17.335427209634336,560.8992208646179,44.98137654
2,135.1364545843774,8.551999899519618,aist__gJS_sBM_cAll_d03_mJS5_ch01__mc150-3,56.99068871176869,208.80917537234538,135.095057265
1,35.98346362063586,3.547012877252133,aist__gJS_sFM_cAll_d03_mJS3_ch04__mc150-3,10.009133742927235,410.6683475869648,44.98137654
2,135.1315937089673,8.536306892421637,aist__gJS_sFM_cAll_d03_mJS3_ch04__mc150-3,39.002664367183016,792.1391319230818,135.095057265
1,89.68892296472261,7.2353092654281905,aist__gKR_sBM_cAll_d30_mKR2_ch01__mc150-3,48.32372828959623,241.1866373677422,89.661347434
2,44.96774791106974,3.746881531177384,aist__gKR_sBM_cAll_d30_mKR2_ch01__mc150-3,21.802240542372225,428.4458510101245,44.957974494
1,89.62384718498592,7.171467411708827,aist__gKR_sBM_cAll_d30_mKR2_ch02__mc150-3,51.82060728882823,486.0013327501288,89.661347434
2,44.967746970241265,3.746881531177384,aist__gKR_sBM_cAll_d30_mKR2_ch02__mc150-3,22.897952807554905,471.3544210650545,44.957974494
1,134.83841735225673,8.779241382743418,aist__gKR_sBM_cAll_d30_mKR2_ch03__mc150-3,43.301839925257816,207.7136267732084,134.835093883
2,44.96774876388978,3.7468814924874922,aist__gKR_sBM_cAll_d30_mKR2_ch03__mc150-3,21.171020743851777,609.1946746844309,44.957974494
1,89.66187650921023,7.250249596204867,aist__gKR_sBM_cAll_d30_mKR2_ch04__mc150-3,38.71797884873983,471.7877618660567,89.661347434
2,134.90310516986702,8.974658349004674,aist__gKR_sBM_cAll_d30_mKR2_ch04__mc150-3,56.58721190457994,632.0420297609434,134.90027353
1,89.67291272703768,7.241756451224992,aist__gKR_sBM_cAll_d30_mKR2_ch05__mc150-3,45.01901509177048,370.4769510856982,89.661347434
2,134.9031049532474,8.974658349004674,aist__gKR_sBM_cAll_d30_mKR2_ch05__mc150-3,76.77670360939605,926.627877663499,134.90027353
1,134.83173835815504,8.783491187649727,aist__gKR_sBM_cAll_d30_mKR2_ch06__mc150-3,28.68420587780282,309.66444576213246,134.835093883
2,44.96774865734208,3.7468814924874922,aist__gKR_sBM_cAll_d30_mKR2_ch06__mc150-3,19.264608602853073,483.3878103873212,44.957974494
1,35.94511691857069,3.263660778126979,aist__gKR_sBM_cAll_d30_mKR2_ch07__mc150-3,15.331965390297166,205.40132664974087,45.239765395
2,71.970754181335,5.955896926448322,aist__gKR_sBM_cAll_d30_mKR2_ch07__mc150-3,25.84475279124205,1208.7601005259448,90.528745206
1,89.67633691084679,7.203915306269883,aist__gKR_sBM_cAll_d30_mKR2_ch08__mc150-3,40.65779525493704,656.3352510993616,89.661347434
2,134.90310492568716,8.974658349004674,aist__gKR_sBM_cAll_d30_mKR2_ch08__mc150-3,78.93653829228975,636.8434480791398,134.90027353
1,89.6553669694849,7.230745525207464,aist__gKR_sBM_cAll_d30_mKR3_ch02__mc150-3,52.18008960085688,315.8044274466928,89.661347434
2,134.90310516896767,8.974658349004674,aist__gKR_sBM_cAll_d30_mKR3_ch02__mc150-3,82.3500246544572,670.6105233236202,134.90027353
1,134.85237842762353,8.76857374209168,aist__gKR_sBM_cAll_d30_mKR4_ch01__mc150-3,93.98767157823129,750.1653056332395,134.835093883
2,90.53126620811898,7.242982478355998,aist__gKR_sBM_cAll_d30_mKR4_ch01__mc150-3,39.68289354583333,311.85369845273846,90.528745206
1,89.67184768435361,7.218122225751949,aist__gKR_sBM_cAll_d30_mKR4_ch02__mc150-3,43.261471993810254,369.73720453571656,89.661347434
2,134.90310497947033,8.974658349004674,aist__gKR_sBM_cAll_d30_mKR4_ch02__mc150-3,67.73472994080693,680.1377935444198,134.90027353
1,89.63847825476866,7.18845980201763,aist__gKR_sFM_cAll_d30_mKR2_ch17__mc150-3,52.707893733366724,380.4084443301331,89.661347434
2,44.967747176790965,3.746881531177384,aist__gKR_sFM_cAll_d30_mKR2_ch17__mc150-3,18.753250864102107,746.5620028118068,44.957974494
1,90.45422768424555,7.0053967516159155,aist__gLH_sBM_cAll_d18_mLH2_ch01__mc150-3,44.485494996066464,1173.0790566416615,90.083100545
2,35.81248838505597,3.2593679660842825,aist__gLH_sBM_cAll_d18_mLH2_ch01__mc150-3,7.371697272768775,367.663285290356,44.72502223
1,45.105892389435134,3.7947357951443133,aist__gLH_sBM_cAll_d18_mLH2_ch02__mc150-3,27.484678827716756,274.14945723086356,44.887734513
2,89.95691105998208,6.976794833246594,aist__gLH_sBM_cAll_d18_mLH2_ch02__mc150-3,40.75556866102202,814.4228911693307,89.948356646
1,90.49442109029236,7.013818505526212,aist__gLH_sBM_cAll_d18_mLH3_ch01__mc150-3,33.96041420738529,675.0909977630291,90.083100545
2,44.741768612264956,3.7344279215778653,aist__gLH_sBM_cAll_d18_mLH3_ch01__mc150-3,19.801508704326018,330.5246970896611,44.72502223
1,135.09135586631973,8.89046848483968,aist__gLH_sBM_cAll_d18_mLH3_ch02__mc150-3,,,135.031221805
2,44.74176654674744,3.7344280706069335,aist__gLH_sBM_cAll_d18_mLH3_ch02__mc150-3,30.098180280011686,300.686032754475,44.72502223
1,135.07245271418182,8.880645598695793,aist__gLH_sBM_cAll_d18_mLH4_ch04__mc150-3,62.8668033290615,442.99249723233487,135.031221805
2,44.74176625622349,3.7344280706069335,aist__gLH_sBM_cAll_d18_mLH4_ch04__mc150-3,6.759154008581004,692.4036430279924,44.72502223
1,45.1235904657035,3.7705823119632056,aist__gLH_sBM_cAll_d18_mLH4_ch05__mc150-3,18.159888457579587,231.66133548086404,44.887734513
2,89.96089590809031,6.9797014440978895,aist__gLH_sBM_cAll_d18_mLH4_ch05__mc150-3,39.15341806589748,349.50386406229967,89.948356646
1,45.09991820333144,3.785669085044845,aist__gLH_sBM_cAll_d18_mLH4_ch06__mc150-3,14.058777347973,212.40954872885456,44.887734513
2,89.96089607120525,6.9797014440978895,aist__gLH_sBM_cAll_d18_mLH4_ch06__mc150-3,49.79199814186708,162.44581486089743,89.948356646
1,45.11470279993725,3.7988391474944687,aist__gLH_sBM_cAll_d18_mLH4_ch09__mc150-3,17.846682406918184,294.81829565102333,44.887734513
2,89.9608957305768,6.9797014440978895,aist__gLH_sBM_cAll_d18_mLH4_ch09__mc150-3,42.62155005982611,386.0236297008933,89.948356646
1,135.071204520952,8.877791880241654,aist__gLH_sBM_cAll_d18_mLH4_ch10__mc150-3,77.85188164705177,609.502164249167,135.031221805
2,44.741766256418686,3.7344280706069335,aist__gLH_sBM_cAll_d18_mLH4_ch10__mc150-3,17.445640747343123,539.8565481794955,44.72502223
1,45.11077112936544,3.776238860702497,aist__gLH_sBM_cAll_d18_mLH5_ch01__mc150-3,8.667581008811947,593.597032942899,44.887734513
2,89.9608959124982,6.9797014440978895,aist__gLH_sBM_cAll_d18_mLH5_ch01__mc150-3,,,89.948356646
1,135.0733147111981,8.883949376587841,aist__gLH_sBM_cAll_d18_mLH5_ch02__mc150-3,,,135.031221805
2,89.96089588931,6.979701584638596,aist__gLH_sBM_cAll_d18_mLH5_ch02__mc150-3,37.705843533564696,542.9943487179329,89.948356646
1,90.5048800487681,6.985933902402668,aist__gLH_sFM_cAll_d18_mLH4_ch19__mc150-3,39.772886768607854,810.5882592299757,90.083100545
2,134.69871093046444,9.24033639554837,aist__gLH_sFM_cAll_d18_mLH4_ch19__mc150-3,50.89638021380929,929.1521497551408,134.637538424
1,135.6653623553185,9.071684724141292,aist__gLO_sBM_cAll_d15_mLO2_ch01__mc150-3,45.88633463828378,283.04900053942634,135.603184542
2,89.71987758623285,6.797761737945342,aist__gLO_sBM_cAll_d15_mLO2_ch01__mc150-3,40.805073847235626,208.13592390494793,89.708419447
1,90.87211247579245,6.666873249630062,aist__gLO_sBM_cAll_d15_mLO2_ch02__mc150-3,39.90978520289593,191.49669559473216,90.428777799
2,135.5165128634859,9.274244023740716,aist__gLO_sBM_cAll_d15_mLO2_ch02__mc150-3,70.3357046940178,94.24364639202769,135.469967109
1,135.51508529895358,9.202290628531099,aist__gLO_sBM_cAll_d15_mLO2_ch03__mc150-3,38.01702810978394,418.40516227417504,135.469967109
2,44.87506827964817,3.76829865986862,aist__gLO_sBM_cAll_d15_mLO2_ch03__mc150-3,14.18013992668585,649.7415213672044,44.870638961
1,89.72646143438283,6.805509471819193,aist__gLO_sBM_cAll_d15_mLO2_ch04__mc150-3,41.011985467981745,432.97103028525936,89.708419447
2,44.87506602077295,3.768298569538983,aist__gLO_sBM_cAll_d15_mLO2_ch04__mc150-3,12.309656375118983,521.2124555273879,44.870638961
1,36.5612200091098,2.71923618546021,aist__gLO_sBM_cAll_d15_mLO2_ch05__mc150-3,6.8417967319922335,339.6722462524733,44.870638961
2,135.51521010286723,9.276632116501826,aist__gLO_sBM_cAll_d15_mLO2_ch05__mc150-3,,,135.469967109
1,36.38174398259873,3.1848961221558345,aist__gLO_sBM_cAll_d15_mLO2_ch08__mc150-3,9.846793544994052,621.2927364157449,44.870638961
2,89.56403029947877,6.718274003449513,aist__gLO_sBM_cAll_d15_mLO2_ch08__mc150-3,40.63172001538258,221.24393615207973,89.708419447
1,36.43741559540738,3.271432176447697,aist__gLO_sBM_cAll_d15_mLO2_ch10__mc150-3,3.1068508894478146,271.3634834746551,44.870638961
2,135.5065858764098,9.269944505189219,aist__gLO_sBM_cAll_d15_mLO2_ch10__mc150-3,49.3458547283743,788.714447510278,135.469967109
1,72.98054574012431,5.629903633820348,aist__gLO_sBM_cAll_d15_mLO3_ch02__mc150-3,25.477063585556987,329.6579736172286,89.986599359
2,36.70202048651773,3.1224926390007854,aist__gLO_sBM_cAll_d15_mLO3_ch02__mc150-3,15.916348442499297,627.0859495400042,45.923685789
1,45.14977520463911,3.523858879965433,aist__gLO_sBM_cAll_d15_mLO4_ch01__mc150-3,16.468866655523875,130.02336755147357,44.955674167
2,90.00076887819408,7.0397170440508035,aist__gLO_sBM_cAll_d15_mLO4_ch01__mc150-3,53.36407883052456,52.27922813584825,89.986599359
1,134.97553775417612,8.633059488704147,aist__gLO_sBM_cAll_d15_mLO5_ch02__mc150-3,36.51572230048542,284.76539005637153,134.939324764
2,45.95002199914896,3.9190749993063476,aist__gLO_sBM_cAll_d15_mLO5_ch02__mc150-3,16.85295018186783,408.07337643989894,45.923685789
1,71.24755562106463,6.124991123243647,aist__gMH_sBM_cAll_d24_mMH2_ch01__mc150-3,26.584941366234478,1435.4321083629225,89.896088312
2,135.04965239320535,8.968662152078451,aist__gMH_sBM_cAll_d24_mMH2_ch01__mc150-3,46.40601717105424,370.1622805868134,135.046468819
1,71.18107621964371,6.1066986942839705,aist__gMH_sBM_cAll_d24_mMH2_ch02__mc150-3,30.329026202195372,1923.5659476195474,89.896088312
2,135.04876004697923,8.973681231797746,aist__gMH_sBM_cAll_d24_mMH2_ch02__mc150-3,35.656527679537575,447.7061120280976,135.046468819
1,36.13006805113655,3.12805956805909,aist__gMH_sBM_cAll_d24_mMH3_ch01__mc150-3,14.60562065787397,506.06582052830373,45.413446802
2,71.65794895509582,5.9472137412531385,aist__gMH_sBM_cAll_d24_mMH3_ch01__mc150-3,21.894294122375193,622.4946885558751,89.896088312
1,36.317095838843656,3.32752930407448,aist__gMH_sBM_cAll_d24_mMH3_ch02__mc150-3,3.8998353946316957,348.88656281392514,44.648540088
2,135.06104781708856,8.959724427757822,aist__gMH_sBM_cAll_d24_mMH3_ch02__mc150-3,117.02910595400317,151.7424537040851,135.046468819
1,71.12224473021224,6.065000583389264,aist__gMH_sBM_cAll_d24_mMH3_ch04__mc150-3,24.22964991179181,1299.3932084346732,89.896088312
2,135.04280706980174,8.981127683162862,aist__gMH_sBM_cAll_d24_mMH3_ch04__mc150-3,44.11050696721828,579.3554041762073,135.046468819
1,71.04140739068451,6.080149553172911,aist__gMH_sBM_cAll_d24_mMH3_ch05__mc150-3,27.40415104601197,1265.1058803093786,89.896088312
2,36.084253586016104,3.352759427819742,aist__gMH_sBM_cAll_d24_mMH3_ch05__mc150-3,20.203174778155834,570.2582095860989,45.413446802
1,135.05372047624672,9.11160313223772,aist__gMH_sBM_cAll_d24_mMH3_ch06__mc150-3,46.29617014617789,179.26964543849664,135.053035784
2,89.89699806932278,7.276545086028614,aist__gMH_sBM_cAll_d24_mMH3_ch06__mc150-3,33.40606977668065,460.3287398628686,89.896088312
1,36.461274688975365,2.8180584805183724,aist__gMH_sBM_cAll_d24_mMH3_ch07__mc150-3,17.35869064502747,246.47612114137914,44.648540088
2,135.03805042084292,8.987053960597756,aist__gMH_sBM_cAll_d24_mMH3_ch07__mc150-3,98.64220283682572,710.4356736548116,135.046468819
1,70.75694925995082,6.012277830167307,aist__gMH_sBM_cAll_d24_mMH3_ch10__mc150-3,17.11682777674887,1081.1322176028295,89.896088312
2,35.96338979339358,3.3018007762710075,aist__gMH_sBM_cAll_d24_mMH3_ch10__mc150-3,6.220663441984244,672.426528182429,45.413446802
1,71.2864549128648,6.216572834724234,aist__gMH_sBM_cAll_d24_mMH4_ch01__mc150-3,29.292665294458615,1356.2326381354592,89.896088312
2,35.93491396601559,3.3620265859320977,aist__gMH_sBM_cAll_d24_mMH4_ch01__mc150-3,10.141080747668688,561.0426275678147,45.413446802
1,71.24276269522286,5.785310485918386,aist__gMH_sBM_cAll_d24_mMH4_ch02__mc150-3,21.86350981556997,1160.8520105415262,89.896088312
2,35.98811347342324,3.1965683444562676,aist__gMH_sBM_cAll_d24_mMH4_ch02__mc150-3,12.257574057756155,686.3498865590544,45.413446802
1,135.06002687998932,9.189931581903132,aist__gMH_sBM_cAll_d24_mMH5_ch01__mc150-3,89.80391724795012,568.5096068703466,135.053035784
2,89.89699818226526,7.276545086028614,aist__gMH_sBM_cAll_d24_mMH5_ch01__mc150-3,33.593542276808144,258.3549344543178,89.896088312
1,134.9538590389524,9.131627704108876,aist__gMH_sBM_cAll_d24_mMH5_ch02__mc150-3,102.40105114135858,558.3608149213769,135.053035784
2,89.89699668290284,7.276545086028614,aist__gMH_sBM_cAll_d24_mMH5_ch02__mc150-3,49.7250468201147,386.8552582552865,89.896088312
1,35.871189819622764,2.7222629009492234,aist__gMH_sFM_cAll_d24_mMH3_ch18__mc150-3,17.156837254725325,325.3504714290865,44.733886355
2,135.26386096523728,9.304232390633464,aist__gMH_sFM_cAll_d24_mMH3_ch18__mc150-3,,,135.275377454
1,135.3235369333697,8.88909594529438,aist__gPO_sBM_cAll_d12_mPO2_ch01__mc150-3,47.51057226184422,729.5144927313188,135.313692199
2,45.33372618040361,3.6638965138590214,aist__gPO_sBM_cAll_d12_mPO2_ch01__mc150-3,33.374092129622376,406.0974019528254,45.323918533
1,71.87558001085186,5.740566397816667,aist__gPO_sBM_cAll_d12_mPO3_ch02__mc150-3,28.00451055018573,769.3540912328785,89.871608012
2,134.81051839341364,9.297601235491094,aist__gPO_sBM_cAll_d12_mPO3_ch02__mc150-3,58.28282159817432,787.7233235257845,134.765654601
1,134.81992345266036,9.31330695638199,aist__gPO_sBM_cAll_d12_mPO4_ch01__mc150-3,69.29370542471838,340.1730340052673,134.765654601
2,90.05048551923443,6.906228935484515,aist__gPO_sBM_cAll_d12_mPO4_ch01__mc150-3,45.971931209279845,531.4435824464592,89.581596436
1,71.86478558899461,5.725724095381388,aist__gPO_sBM_cAll_d12_mPO5_ch01__mc150-3,32.89232018636702,830.9948522853196,89.871608012
2,134.83519589972173,9.32297952205461,aist__gPO_sBM_cAll_d12_mPO5_ch01__mc150-3,56.979555167724804,380.56490872671804,134.765654601
1,36.3548412642195,3.148358506919619,aist__gPO_sBM_cAll_d12_mPO5_ch02__mc150-3,4.6092918140281505,655.5168315829187,45.323918533
2,134.83231700463455,9.297178259988323,aist__gPO_sBM_cAll_d12_mPO5_ch02__mc150-3,27.026616405734995,203.34281658684773,134.765654601
1,110.70260169407221,7.051117466869534,aist__gWA_sBM_cAll_d27_mWA2_ch02__mc150-3,,,134.350738537
2,89.23607561709925,6.867654731741904,aist__gWA_sBM_cAll_d27_mWA2_ch02__mc150-3,10.736098141135907,345.2092919876763,89.220004092
1,73.16228193543022,6.187042266809683,aist__gWA_sBM_cAll_d27_mWA3_ch02__mc150-3,24.222580267305773,669.1873498235868,90.519727401
2,110.9452365115932,7.271696354234661,aist__gWA_sBM_cAll_d27_mWA3_ch02__mc150-3,34.99890216843105,961.2263532253558,134.350738537
1,135.91000593888157,8.928546560466232,aist__gWA_sFM_cAll_d27_mWA0_ch15__mc150-3,76.81093396074674,104.28200056891855,135.867112512
2,90.30595542812931,7.097033428850891,aist__gWA_sFM_cAll_d27_mWA0_ch15__mc150-3,31.51196934495954,42.50429456276524,90.300183281
