angle_stratum,method,display_name,boundary_mode,case_count,W-MPJPE_mm,WA-MPJPE_mm,MPJPE_mm,PA-MPJPE_mm,MPVPE_mm,Accel_mm_frame2,RTE_H3R_percent,ATE_Sim3_m,ATE_SE3_m,Boundary_camera_t_m,Boundary_camera_R_deg,Boundary_root_m,Post_root_m,Seam_camera_t_m,Seam_camera_R_deg,IDF1,IDs,Coverage,Seam_root_m,CHRGE_m,Seam_CHRGE_m,Pair_vector_m,ROE_joint_proxy_deg,Jitter_H3R,Foot_sliding_cm,Detection_precision
small,m0_strict_human3r,Strict Human3R,none,43,223.36284203445427,182.13869266793148,71.03081417727122,43.27942151781949,78.14829189584061,26.132546765700933,40.337288748846206,0.0478196116161631,0.09328340017963903,0.6240140195842979,8.335649955041852,0.2591180038757999,0.2926621158127487,0.3068983008855597,0.6306393881159985,0.9653973044887485,0.11627906976744186,0.9906976744186047,0.25108282110953234,0.296062110902944,0.19245957116361645,0.2154740042889168,12.823969343082554,128.20225943224946,2.0700180145066347,0.9969111867470161
small,m0r_original_clean_reset,Original Human3R reset (oracle cut),oracle_cut,43,546.3546278720285,423.2431112668441,70.88372840982181,43.32505504736864,77.99646188265348,34.70477710705562,126.95444654619665,0.6055584638006167,0.8540062643366286,1.8513613153078865,20.207059853204363,0.9590021073995542,0.9670055635786031,1.7594071427893776,17.45816564865756,0.8768612202575654,0.46511627906976744,0.9906976744186047,0.9536106575673337,0.2835776729852165,0.2007542312728132,0.4177949354260186,17.637286940299784,176.08887372800325,2.4826379655195816,0.9969111867470161
small,m1_current_clean_reset,Bridge3R clean reset (oracle cut),oracle_cut,43,546.3546278720285,423.2431112668441,70.88372840982181,43.32505504736864,77.99646188265348,34.70477710705562,126.95444654619665,0.6055584638006167,0.8540062643366286,1.8513613153078865,20.207059853204363,0.9590021073995542,0.9670055635786031,1.7594071427893776,17.45816564865756,0.8768612202575654,0.46511627906976744,0.9906976744186047,0.9536106575673337,0.2835776729852165,0.2007542312728132,0.4177949354260186,17.637286940299784,176.08887372800325,2.4826379655195816,0.9969111867470161
small,m3_b0_only,Bridge3R B0 (oracle cut),oracle_cut,43,240.02615036770496,194.8865496653798,70.8837274188499,43.32505497535087,77.9964608224317,27.033733889874824,46.765834310392364,0.01757301794407889,0.11514206532950219,0.6330389235591705,8.516035297652367,0.3059719359870512,0.3274219759096443,0.3443535469675494,1.4191267850647822,0.8768612202575654,0.46511627906976744,0.9906976744186047,0.2938752358496375,0.28357766576443133,0.20075421234785631,0.21678317208476633,12.764554782302987,132.87500862522185,2.110934298907072,0.9969111867470161
small,m15_v17_gated_parent,Bridge3R runtime parent (oracle cut),oracle_cut,43,238.34287718427169,193.31311158432428,70.8837275563052,43.32505508580642,77.99646108437135,26.43593225351133,45.61422782359216,0.01764178338910434,0.13220999400788008,0.6883950368350418,9.397887782791976,0.3016120230998594,0.3232674223719949,0.4053387459500134,2.3760141128544103,0.989822061471645,0.023255813953488372,0.9906976744186047,0.2917571248810123,0.28502151943005116,0.2149414294300804,0.21289955971512808,13.186103631244062,129.76733103648476,2.084434486213763,0.9969111867470161
small,v16_0_m15_geometry,Bridge3R geometry parent (causal detector),causal_detector,43,238.34287718427169,193.31311158432428,70.8837275563052,43.32505508580642,77.99646108437135,26.43593225351133,45.61422782359216,0.01764178338910434,0.13220999400788008,0.6883950368350418,9.397887782791976,0.3016120230998594,0.3232674223719949,0.4053387459500134,2.3760141128544103,0.989822061471645,0.023255813953488372,0.9906976744186047,0.2917571248810123,0.28502151943005116,0.2149414294300804,0.21289955971512808,13.186103631244062,129.76733103648476,2.084434486213763,0.9969111867470161
small,v19_ungated_translation_b050,"Bridge3R (causal, frozen)",causal_detector,43,201.40445445065373,160.60041742334508,70.88372847625708,43.325055057813934,77.99646161098225,25.838426807704966,33.76319792849443,0.01695470018047326,0.090242521768394,0.6228995160236988,8.516035352851091,0.22050317085698318,0.24500112583155517,0.27144114554906745,1.4191178533030722,0.989822061471645,0.023255813953488372,0.9906976744186047,0.190508150826739,0.2835776617950618,0.20075420484604967,0.21678316813091963,12.764554924173066,126.28600149240125,2.0442108652106485,0.9969111867470161
medium,m0_strict_human3r,Strict Human3R,none,43,234.93236954286925,196.2085226480797,72.33585746011259,43.96793120287398,81.14153269609037,28.848390911186414,58.91160671606486,0.0723666868065887,0.11312586697339805,0.5896294993769993,6.3395490816268385,0.3247062308968002,0.31357674870498253,0.45264991731807924,1.2237918448503526,0.8877457475497351,0.4883720930232558,0.9771317829457364,0.3157776946715798,0.2744418448676619,0.2220123825986275,0.21673901024326112,10.970976784873287,141.8020376942807,2.2825487057332072,0.9991620067039464
medium,m0r_original_clean_reset,Original Human3R reset (oracle cut),oracle_cut,43,697.5399660631291,557.8432318328239,72.12137076368255,44.05331422381015,80.78585653786341,39.074164891123765,178.61625970090802,1.0606024792871593,1.682288703583217,3.4651937222549356,56.384869669823495,1.2168353223690183,1.2417089700199109,3.4049528374363707,55.534090968824486,0.8453998424240013,0.6511627906976745,0.9771317829457364,1.1966570516915516,0.2669878995178842,0.2480547701758107,0.9555283193902016,33.92627084877748,199.68827186811282,2.716336642389664,0.9991620067039464
medium,m1_current_clean_reset,Bridge3R clean reset (oracle cut),oracle_cut,43,697.5399660631291,557.8432318328239,72.12137076368255,44.05331422381015,80.78585653786341,39.074164891123765,178.61625970090802,1.0606024792871593,1.682288703583217,3.4651937222549356,56.384869669823495,1.2168353223690183,1.2417089700199109,3.4049528374363707,55.534090968824486,0.8453998424240013,0.6511627906976745,0.9771317829457364,1.1966570516915516,0.2669878995178842,0.2480547701758107,0.9555283193902016,33.92627084877748,199.68827186811282,2.716336642389664,0.9991620067039464
medium,m3_b0_only,Bridge3R B0 (oracle cut),oracle_cut,43,286.9115352409235,227.0997125238818,72.12137079005342,44.05331479981652,80.78585654802806,29.149676977892536,67.50430650060855,0.017847682738168027,0.23374688558046552,0.6263349958881833,6.319199862159772,0.41508748146296304,0.42311222292029355,0.48391620243421685,1.6768370517101165,0.8453998424240013,0.6511627906976745,0.9771317829457364,0.38710216225636845,0.26698788305473126,0.24805477035611737,0.2124231297458786,10.66312103185643,143.92484326817976,2.2563270176515298,0.9991620067039464
medium,m15_v17_gated_parent,Bridge3R runtime parent (oracle cut),oracle_cut,43,283.35555479729214,224.99097688282203,72.12137105946535,44.053314747717984,80.78585681212853,28.473419581915348,67.13172719618603,0.020268418685669698,0.2616612773613481,0.6008679518859368,5.970560893462294,0.4049240728846391,0.41494912165927267,0.5403932537515669,2.5777613025909636,0.9813175861706821,0.06976744186046512,0.9771317829457364,0.38118198281399157,0.2675128121903244,0.2525452718072133,0.20327335822504783,10.639532418032205,140.49439053589634,2.223880660312332,0.9991620067039464
medium,v16_0_m15_geometry,Bridge3R geometry parent (causal detector),causal_detector,43,283.35555479729214,224.99097688282203,72.12137105946535,44.053314747717984,80.78585681212853,28.473419581915348,67.13172719618603,0.020268418685669698,0.2616612773613481,0.6008679518859368,5.970560893462294,0.4049240728846391,0.41494912165927267,0.5403932537515669,2.5777613025909636,0.9813175861706821,0.06976744186046512,0.9771317829457364,0.38118198281399157,0.2675128121903244,0.2525452718072133,0.20327335822504783,10.639532418032205,140.49439053589634,2.223880660312332,0.9991620067039464
medium,v19_ungated_translation_b050,"Bridge3R (causal, frozen)",causal_detector,43,220.81648681726378,171.15311439514605,72.12137140569058,44.053314515280654,80.78585735930199,27.420248250108724,45.299362993207296,0.016794248529944333,0.1692399467754635,0.562902886989245,6.31919987542874,0.27758474349126455,0.2900057587024161,0.40340220296221424,1.6768128221596565,0.9813175861706821,0.06976744186046512,0.9771317829457364,0.23660006319983037,0.2669878856751353,0.24805476742207513,0.21242312309251804,10.663121113370664,134.39431283973155,2.1617787134353854,0.9991620067039464
extreme,m0_strict_human3r,Strict Human3R,none,43,505.14874672212903,321.813633452833,70.1520314170024,44.160765504469566,78.57340889588177,47.91953560448051,190.2058809127728,0.2529359251503536,0.4375731293662013,1.3058303221899108,22.22810744042259,1.016264452351835,0.8531431969369191,1.3488162780796769,16.999187521742908,0.7579910408881559,0.9534883720930233,0.973953488372093,1.0045335399963025,0.32950551784285786,0.3174370215325536,0.4059747490754303,14.825751110938715,244.21128727420867,3.4947219282831004,0.9998454763192459
extreme,m0r_original_clean_reset,Original Human3R reset (oracle cut),oracle_cut,43,1013.926319643473,787.2483845388698,69.80087811592699,44.242159442631944,78.21488435080035,46.49764317394509,262.0383422776692,1.7559686363862346,2.4572932033838413,4.9566674839222795,94.43859410227243,1.8886974262663323,1.8842071534016882,4.960124312407629,94.36557000275961,0.7808223443969706,0.8604651162790697,0.973953488372093,1.8445517114741237,0.32301314719569907,0.32282691322249907,1.3655765451976707,53.75653319488267,242.84457729385593,3.086080003924681,0.9998454763192459
extreme,m1_current_clean_reset,Bridge3R clean reset (oracle cut),oracle_cut,43,1013.926319643473,787.2483845388698,69.80087811592699,44.242159442631944,78.21488435080035,46.49764317394509,262.0383422776692,1.7559686363862346,2.4572932033838413,4.9566674839222795,94.43859410227243,1.8886974262663323,1.8842071534016882,4.960124312407629,94.36557000275961,0.7808223443969706,0.8604651162790697,0.973953488372093,1.8445517114741237,0.32301314719569907,0.32282691322249907,1.3655765451976707,53.75653319488267,242.84457729385593,3.086080003924681,0.9998454763192459
extreme,m3_b0_only,Bridge3R B0 (oracle cut),oracle_cut,43,531.492717416414,381.20646238950684,69.8008786182565,44.242160603075476,78.21488452268217,34.82960017328597,172.79240903142545,0.01662260414517739,0.5010908711869376,1.1602271506154296,9.213117896134523,0.8930050767904156,0.9103837458847193,1.1249540601394725,4.180983856799205,0.7808223443969706,0.8604651162790697,0.973953488372093,0.8556128176448347,0.32301312082429645,0.3228268434856434,0.3276865799290762,11.971634842559421,176.2655539082285,2.5476064474141804,0.9998454763192459
extreme,m15_v17_gated_parent,Bridge3R runtime parent (oracle cut),oracle_cut,43,525.9367863257911,377.1896392458283,69.67085910502416,44.1458281980443,78.12563501728637,34.2328265693692,168.9923815581394,0.0203843255128023,0.5611198112977933,1.1978194791777301,9.056083709728396,0.8934362981889835,0.9007688485125042,1.2217886530328064,6.028873300429321,0.9781614775065913,0.023255813953488372,0.9689922480620156,0.8554699826125858,0.3357312584412637,0.36862420632786497,0.3156805070790955,12.108391177497387,173.21069292994326,2.5004916779463837,0.9948842360091685
extreme,v16_0_m15_geometry,Bridge3R geometry parent (causal detector),causal_detector,43,525.9367863257911,377.1896392458283,69.67085910502416,44.1458281980443,78.12563501728637,34.2328265693692,168.9923815581394,0.0203843255128023,0.5611198112977933,1.1978194791777301,9.056083709728396,0.8934362981889835,0.9007688485125042,1.2217886530328064,6.028873300429321,0.9781614775065913,0.023255813953488372,0.9689922480620156,0.8554699826125858,0.3357312584412637,0.36862420632786497,0.3156805070790955,12.108391177497387,173.21069292994326,2.5004916779463837,0.9948842360091685
extreme,v19_ungated_translation_b050,"Bridge3R (causal, frozen)",causal_detector,43,354.2771480751406,273.3173969497919,69.80087957959539,44.24216072867276,78.21488534648992,30.742528921728706,96.06169765559726,0.015606130058785217,0.36007443238413617,0.852575122792995,9.213117809980353,0.5405689772013474,0.5568445993326718,0.8289653788831797,4.180965393900799,0.9831227178166689,0.023255813953488372,0.973953488372093,0.4988350840392909,0.32301311129329335,0.3228268128905792,0.3276865669913399,11.971634804941772,152.96987072830566,2.3247223648615525,0.9998454763192459
