split,case_id,frames,strict_human3r_forward_seconds,strict_human3r_forward_fps,causal_detector_seconds,causal_detector_fps,whole_multi_method_protocol_seconds,frozen_candidate_postprocess_seconds,frozen_candidate_postprocess_fps,process_peak_host_rss_gib,gpu,precision
development,egobody_recording_20210907_S02_S01_01_extreme_kinect_11_kinect_13_b02196,150,41.64013363048434,3.602293915074913,17.716027857735753,8.466909241989145,431.0587153285742,0.5380051042884588,278.8077637263,12.750457763671875,NVIDIA L20,FP32
development,egobody_recording_20210907_S02_S01_01_medium_kinect_12_kinect_13_b02196,150,41.86064411047846,3.583318011163912,17.50801524054259,8.567504536587972,409.03861477971077,0.13224847987294197,1134.228538158721,12.821403503417969,NVIDIA L20,FP32
development,egobody_recording_20210907_S02_S01_01_small_kinect_12_kinect_11_b02196,150,41.54597088135779,3.6104584107169564,17.64035573322326,8.503229882008274,426.19184381049126,0.12610861752182245,1189.4508317327582,12.704029083251953,NVIDIA L20,FP32
development,egobody_recording_20210907_S04_S03_01_extreme_kinect_11_kinect_13_b02471,150,41.59083856642246,3.606563492593283,17.720311868935823,8.46486230656888,426.78213764727116,0.31944881472736597,469.5587934111376,12.863975524902344,NVIDIA L20,FP32
development,egobody_recording_20210907_S04_S03_01_medium_kinect_12_kinect_13_b02471,150,42.87455605529249,3.498578499717989,18.00807594601065,8.329596146179608,382.1022843476385,2.1739988373592496,68.99727700968073,12.825889587402344,NVIDIA L20,FP32
development,egobody_recording_20210907_S04_S03_01_small_kinect_12_kinect_11_b02471,150,44.93025199882686,3.338507872244218,17.39455894101411,8.623386227190819,317.04016630351543,0.15228206012398005,985.014254981039,12.894886016845703,NVIDIA L20,FP32
development,egobody_recording_20210907_S04_S03_02_extreme_kinect_13_kinect_11_b02176,150,45.99734173156321,3.261058016686876,15.915776366367936,9.42461093616326,299.90675494167954,0.12204261217266321,1229.0789039141778,12.753662109375,NVIDIA L20,FP32
development,egobody_recording_20210907_S04_S03_02_medium_kinect_12_kinect_13_b02176,150,41.51553108729422,3.613105651583663,16.993707913905382,8.826796409585222,368.0323476763442,0.12503663264214993,1199.6484296669623,12.867393493652344,NVIDIA L20,FP32
development,egobody_recording_20210907_S04_S03_02_small_kinect_11_kinect_12_b02176,150,41.716015154495835,3.595741334460469,17.07803592365235,8.783211410877547,318.4402708020061,0.1373974746093154,1091.7231224701868,12.825641632080078,NVIDIA L20,FP32
development,egobody_recording_20210910_S05_S06_01_extreme_kinect_11_kinect_13_b02971,150,41.334362318739295,3.6289419162515104,17.35236309096217,8.644355769510506,369.83480560965836,0.15984966047108173,938.3817241647278,12.837226867675781,NVIDIA L20,FP32
development,egobody_recording_20210910_S05_S06_01_medium_kinect_12_kinect_11_b02971,150,41.86093010939658,3.583293529503524,20.276345607824624,7.397782761313515,330.85440426133573,0.15168249607086182,988.907777004963,12.89410400390625,NVIDIA L20,FP32
development,egobody_recording_20210910_S05_S06_01_small_kinect_12_kinect_13_b02971,150,42.06208857148886,3.5661567243637826,17.618669606745243,8.513696172756031,325.3162247892469,0.1329899774864316,1127.9045446511475,12.867973327636719,NVIDIA L20,FP32
development,egobody_recording_20210910_S06_S05_01_extreme_kinect_13_kinect_11_b01411,150,44.210507191717625,3.3928586105001965,17.21311183925718,8.714287189949097,325.33080363925546,0.1343193044885993,1116.7419349817408,12.858245849609375,NVIDIA L20,FP32
development,egobody_recording_20210910_S06_S05_01_medium_kinect_12_kinect_11_b01411,150,42.934488501399755,3.493694818213793,16.26816400513053,9.220462736464555,336.3408333370462,0.15372494980692863,975.7687362291742,12.848033905029297,NVIDIA L20,FP32
development,egobody_recording_20210910_S06_S05_01_small_kinect_13_kinect_12_b01411,150,42.56255203578621,3.5242247662659265,16.77150233089924,8.943742608176798,331.7969414545223,0.1507049398496747,995.3223839220011,12.846656799316406,NVIDIA L20,FP32
development,egobody_recording_20210910_S06_S05_02_extreme_kinect_11_kinect_13_b02726,150,42.431167849339545,3.5351372022708727,18.10390604007989,8.285504778246079,324.42421171534806,3.5075970450416207,42.764319297178595,12.861209869384766,NVIDIA L20,FP32
development,egobody_recording_20210910_S06_S05_02_medium_kinect_12_kinect_11_b02726,150,43.06336411740631,3.4832392469628184,18.84380525164306,7.960175664993192,342.85853616707027,1.1832680320367217,126.767558945888,12.886337280273438,NVIDIA L20,FP32
development,egobody_recording_20210910_S06_S05_02_small_kinect_13_kinect_12_b02726,150,44.614942819811404,3.3621022581114244,18.824364201165736,7.968396616057341,317.75391728430986,0.13051792234182358,1149.2674516159802,12.872917175292969,NVIDIA L20,FP32
development,egobody_recording_20210910_S06_S05_03_extreme_kinect_13_kinect_11_b02716,150,43.64277057163417,3.4369953610940827,17.710517961531878,8.469543371109046,321.3789489194751,0.1265437165275216,1185.361107735262,12.87518310546875,NVIDIA L20,FP32
development,egobody_recording_20210910_S06_S05_03_medium_kinect_12_kinect_11_b02716,150,43.10083581041545,3.480210932794766,17.193486186675727,8.724234187959164,322.2438351167366,0.15569946449249983,963.3944502566071,12.84572982788086,NVIDIA L20,FP32
development,egobody_recording_20210910_S06_S05_03_small_kinect_12_kinect_13_b02716,150,42.675389816984534,3.5149063814831507,18.00239443127066,8.332224947779492,295.02483417931944,0.18980703875422478,790.2762773420133,12.842754364013672,NVIDIA L20,FP32
development,egobody_recording_20210911_S06_S07_01_extreme_kinect_13_kinect_11_b03451,150,41.81666851229966,3.5870863303201705,18.11427429318428,8.280762318832688,333.1128113158047,0.15479422826319933,969.028378402794,12.910572052001953,NVIDIA L20,FP32
development,egobody_recording_20210911_S06_S07_01_medium_kinect_12_kinect_11_b03451,150,42.0311118690297,3.568784962610669,18.2132804999128,8.23574863411993,332.0479227527976,0.12590355426073074,1191.3881294357147,12.887775421142578,NVIDIA L20,FP32
development,egobody_recording_20210911_S06_S07_01_small_kinect_13_kinect_12_b03451,150,42.95430969726294,3.49208265846158,16.043579743243754,9.349534355832759,328.7754377555102,0.1678706994280219,893.5448563155338,12.894027709960938,NVIDIA L20,FP32
development,egobody_recording_20210911_S06_S07_02_extreme_kinect_11_kinect_13_b02246,150,42.89731155708432,3.496722627952849,16.488812059164047,9.097077428123995,322.9699774412438,0.12278007064014673,1221.696641954471,12.850746154785156,NVIDIA L20,FP32
development,egobody_recording_20210911_S06_S07_02_medium_kinect_12_kinect_11_b02246,150,41.938703605905175,3.5766484679531025,18.564772507175803,8.0798189119754,291.22569311596453,0.1269263383001089,1181.7878149555922,12.920429229736328,NVIDIA L20,FP32
development,egobody_recording_20210911_S06_S07_02_small_kinect_13_kinect_12_b02246,150,43.83291163016111,3.4220861544772694,17.44296887796372,8.599453513300706,306.0011331150308,0.15620084013789892,960.3021332508542,12.832622528076172,NVIDIA L20,FP32
development,egobody_recording_20210911_S07_S06_01_extreme_kinect_11_kinect_13_b02166,150,42.78700930438936,3.5057369617233816,16.96854855492711,8.839883948497464,295.0091119511053,0.13023021258413792,1151.8064589128226,12.846443176269531,NVIDIA L20,FP32
development,egobody_recording_20210911_S07_S06_01_medium_kinect_11_kinect_12_b02166,150,41.3691275017336,3.625892279060373,17.20309653133154,8.719360478319064,322.9952142033726,0.1568483328446746,956.3378665206699,12.877269744873047,NVIDIA L20,FP32
development,egobody_recording_20210911_S07_S06_01_small_kinect_13_kinect_12_b02166,150,42.04734822921455,3.5674068952529048,16.984261431731284,8.831705788498912,328.8346953438595,0.1340967733412981,1118.5951478357022,12.844764709472656,NVIDIA L20,FP32
development,egobody_recording_20210911_S07_S06_02_extreme_kinect_11_kinect_13_b01351,150,42.70992658659816,3.5120641028464825,18.25495696812868,8.216946238870072,319.29351032245904,0.12734017241746187,1177.94720356002,12.803466796875,NVIDIA L20,FP32
development,egobody_recording_20210911_S07_S06_02_medium_kinect_11_kinect_12_b01351,150,41.23718029074371,3.6374940998007497,16.947547087445855,8.85083836770188,334.0570136439055,0.13253512047231197,1131.7754830979811,12.833816528320312,NVIDIA L20,FP32
development,egobody_recording_20210911_S07_S06_02_small_kinect_12_kinect_13_b01351,150,41.050434581935406,3.6540417057121433,17.037297156639397,8.80421340432777,331.7838160386309,0.12477826420217752,1202.132446376685,12.799980163574219,NVIDIA L20,FP32
development,egobody_recording_20210911_S07_S06_03_extreme_kinect_11_kinect_13_b02231,150,44.879892562516034,3.3422539902709336,17.285380812361836,8.677853362231152,298.0223755100742,0.15792851243168116,949.7968269972088,12.855499267578125,NVIDIA L20,FP32
development,egobody_recording_20210911_S07_S06_03_medium_kinect_11_kinect_12_b02231,150,42.80021948274225,3.5046549249702434,17.35422284435481,8.643429403051247,325.1529407771304,0.12490906100720167,1200.8736499216154,12.920478820800781,NVIDIA L20,FP32
development,egobody_recording_20210911_S07_S06_03_small_kinect_13_kinect_12_b02231,150,41.01636166963726,3.6570771734500007,18.34782553743571,8.175355695090394,311.8929852154106,0.12821921426802874,1169.8714647123077,12.806411743164062,NVIDIA L20,FP32
development,egobody_recording_20210911_S08_S03_01_extreme_kinect_11_kinect_13_b02986,150,41.996445207856596,3.571730875258422,16.758712959475815,8.950568003802825,334.6359253525734,0.15211270563304424,986.1109193722389,12.784488677978516,NVIDIA L20,FP32
development,egobody_recording_20210911_S08_S03_01_medium_kinect_12_kinect_11_b02986,150,42.07088443823159,3.5654111389131784,16.86856236960739,8.892281198204516,332.42460488155484,0.16694277059286833,898.5115046749313,12.851177215576172,NVIDIA L20,FP32
development,egobody_recording_20210911_S08_S03_01_small_kinect_12_kinect_13_b02986,150,45.12458017561585,3.3241306493319156,17.156163305975497,8.743213580145566,308.198701351881,0.15345787908881903,977.4669172456263,12.846870422363281,NVIDIA L20,FP32
development,egobody_recording_20210911_S08_S03_02_extreme_kinect_13_kinect_11_b02326,150,42.41922958008945,3.5361321147238924,18.00013282429427,8.333271841058265,324.87337685376406,0.1585417091846466,946.1232679490137,12.849864959716797,NVIDIA L20,FP32
development,egobody_recording_20210911_S08_S03_02_medium_kinect_12_kinect_11_b02326,150,43.373002788983285,3.4583724979747057,20.73095392715186,7.235557057677948,276.3426802530885,0.1536846486851573,976.0246145813446,12.890155792236328,NVIDIA L20,FP32
development,egobody_recording_20210911_S08_S03_02_small_kinect_13_kinect_12_b02326,150,42.41214634105563,3.536722683020586,17.606203081086278,8.51972451465925,379.47975619789213,0.12425674125552177,1207.1779646268023,12.819412231445312,NVIDIA L20,FP32
development,egobody_recording_20210911_S08_S03_03_extreme_kinect_11_kinect_13_b03066,150,42.95764306746423,3.4918116844638707,17.95333542022854,8.354993458819393,376.8887824099511,0.15364790987223387,976.2579922156618,12.825794219970703,NVIDIA L20,FP32
development,egobody_recording_20210911_S08_S03_03_medium_kinect_12_kinect_11_b03066,150,44.00971358735114,3.4083384728754877,17.87743119057268,8.39046719861518,366.3618549760431,0.15358166117221117,976.6791090493867,12.858875274658203,NVIDIA L20,FP32
development,egobody_recording_20210911_S08_S03_03_small_kinect_12_kinect_13_b03066,150,42.3143746573478,3.5448946419429794,17.70861573982984,8.470453151378921,326.58908051252365,0.1338071534410119,1121.0162995218834,12.909168243408203,NVIDIA L20,FP32
development,egobody_recording_20210918_S05_S06_01_extreme_kinect_13_kinect_11_b02931,150,43.309626288712025,3.463433256155691,17.250527740456164,8.69538615031574,364.725344077684,0.10931793227791786,1372.144504331243,12.8790283203125,NVIDIA L20,FP32
development,egobody_recording_20210918_S05_S06_01_medium_kinect_12_kinect_13_b02931,150,43.19253319688141,3.472822474112963,16.42697714176029,9.131320918361382,388.46417474746704,0.13089358527213335,1145.969068599837,12.888145446777344,NVIDIA L20,FP32
development,egobody_recording_20210918_S05_S06_01_small_kinect_12_kinect_11_b02931,150,42.77335700113326,3.5068559149104384,15.965057007968426,9.395519222081857,408.94221227802336,0.1341996407136321,1117.7377167505551,12.901496887207031,NVIDIA L20,FP32
development,egobody_recording_20210918_S05_S06_02_extreme_kinect_11_kinect_13_b02371,150,43.89119029883295,3.417542312676547,16.12257649935782,9.30372388097986,375.84079385735095,0.16651354171335697,900.827635137423,12.925769805908203,NVIDIA L20,FP32
development,egobody_recording_20210918_S05_S06_02_medium_kinect_13_kinect_12_b02371,150,43.08615325670689,3.48139689116133,15.922008258290589,9.420922132853121,402.2255360512063,0.13324084412306547,1125.7809194112824,12.889495849609375,NVIDIA L20,FP32
development,egobody_recording_20210918_S05_S06_02_small_kinect_11_kinect_12_b02371,150,48.2571006398648,3.1083508543007285,19.646758323535323,7.63484731322375,311.7303105276078,0.1588667817413807,944.187314401478,12.88394546508789,NVIDIA L20,FP32
development,egobody_recording_20210918_S05_S06_03_extreme_kinect_13_kinect_11_b01956,150,43.10039125289768,3.4802468293119118,16.27197856735438,9.218301227420318,277.291768043302,0.15091779734939337,993.9185611934917,12.883087158203125,NVIDIA L20,FP32
development,egobody_recording_20210918_S05_S06_03_medium_kinect_12_kinect_13_b01956,150,42.70989010762423,3.5120671025379946,15.267136695794761,9.825025018693687,279.6000404562801,0.12438264489173889,1205.9560248984747,12.88006591796875,NVIDIA L20,FP32
development,egobody_recording_20210918_S05_S06_03_small_kinect_12_kinect_11_b01956,150,42.18967735674232,3.555372057758307,17.20696178264916,8.717401822281854,306.73815536592156,0.1541403504088521,973.139087864599,12.863487243652344,NVIDIA L20,FP32
development,egobody_recording_20210918_S05_S06_04_extreme_kinect_13_kinect_11_b03651,150,42.918652195483446,3.494983936512929,16.297939013689756,9.203617701232329,300.3235471593216,0.1516996994614601,988.7956306604817,12.853561401367188,NVIDIA L20,FP32
development,egobody_recording_20210918_S05_S06_04_medium_kinect_13_kinect_12_b03651,150,42.773529255762696,3.5068417923403206,18.49514164123684,8.110237970038542,284.65248352009803,0.1840337673202157,815.0678116532956,12.89206314086914,NVIDIA L20,FP32
development,egobody_recording_20210918_S05_S06_04_small_kinect_11_kinect_12_b03651,150,42.135830293409526,3.5599156099568194,17.261755500920117,8.689730311149665,284.5386838624254,0.1696588322520256,884.1272688779167,12.86855697631836,NVIDIA L20,FP32
development,egobody_recording_20210918_S05_S06_05_extreme_kinect_13_kinect_11_b02446,150,43.264994306489825,3.4670061190207933,17.80569957382977,8.424268834708693,284.7841075435281,1.6506852330639958,90.87135269367532,12.905799865722656,NVIDIA L20,FP32
development,egobody_recording_20210918_S05_S06_05_medium_kinect_13_kinect_12_b02446,150,41.32071763370186,3.6301402441679165,17.730174428783357,8.460153655143312,297.99008401017636,0.12498743459582329,1200.1206400072201,12.888107299804688,NVIDIA L20,FP32
development,egobody_recording_20210918_S05_S06_05_small_kinect_12_kinect_11_b02446,150,41.96437256131321,3.574460687594896,17.745512494817376,8.45284124895282,292.63192933704704,0.19758734107017517,759.1579459876732,12.820720672607422,NVIDIA L20,FP32
development,egobody_recording_20210918_S05_S09_01_extreme_kinect_13_kinect_11_b02171,150,44.153325331397355,3.397252616290154,17.620612691156566,8.512757338754856,280.88065699581057,0.13062414340674877,1148.3328892187794,12.900230407714844,NVIDIA L20,FP32
development,egobody_recording_20210918_S05_S09_01_medium_kinect_13_kinect_12_b02171,150,42.93003999721259,3.494056842475324,15.896739012561738,9.435897505863858,283.77928860113025,0.13050526659935713,1149.3789017763586,12.902862548828125,NVIDIA L20,FP32
development,egobody_recording_20210918_S05_S09_01_small_kinect_11_kinect_12_b02171,150,42.213945493102074,3.5533281300254345,17.925672103650868,8.367887080197676,296.2564740572125,0.1351125594228506,1110.1854678850202,12.87613296508789,NVIDIA L20,FP32
development,egobody_recording_20210918_S06_S05_01_extreme_kinect_13_kinect_11_b02456,150,42.40518681332469,3.537303128985781,16.045313054695725,9.34852436276411,314.85653010196984,0.12774224486202002,1174.2395803519937,12.861557006835938,NVIDIA L20,FP32
development,egobody_recording_20210918_S06_S05_01_medium_kinect_13_kinect_12_b02456,150,42.84765905607492,3.500774681848881,16.21024922002107,9.253404926972804,325.8428189577535,0.13439601194113493,1116.1045468052994,12.817962646484375,NVIDIA L20,FP32
development,egobody_recording_20210918_S06_S05_01_small_kinect_11_kinect_12_b02456,150,44.10894081182778,3.4006710938698763,24.455740165896714,6.133529346585613,309.82090506516397,0.11720328684896231,1279.8275887373552,12.889568328857422,NVIDIA L20,FP32
development,egobody_recording_20210918_S06_S05_02_extreme_kinect_11_kinect_13_b03571,150,42.981050884351134,3.489910016476892,17.471662192605436,8.585330825791996,293.2625154433772,0.14123821631073952,1062.0355022749904,12.82012939453125,NVIDIA L20,FP32
development,egobody_recording_20210918_S06_S05_02_medium_kinect_12_kinect_13_b03571,150,44.37482060585171,3.3802953556102824,17.196881513111293,8.722511688275377,276.44698116276413,0.15399587247520685,974.0520806760572,12.925960540771484,NVIDIA L20,FP32
development,egobody_recording_20210918_S06_S05_02_small_kinect_12_kinect_11_b03571,150,41.99133381526917,3.5721656439847593,18.213064049370587,8.235846510690976,277.02452707942575,0.13269769120961428,1130.3889211083133,12.938919067382812,NVIDIA L20,FP32
development,egobody_recording_20210918_S06_S05_03_extreme_kinect_13_kinect_11_b01166,150,41.8807057030499,3.581601538989265,17.21740808337927,8.71211272182145,277.5353318154812,0.13817605562508106,1085.571587070059,12.911609649658203,NVIDIA L20,FP32
development,egobody_recording_20210918_S06_S05_03_medium_kinect_12_kinect_13_b01166,150,42.39363441988826,3.538267054773441,17.105670928023756,8.769021725669882,282.3703346280381,0.13444264698773623,1115.717395936744,12.89480209350586,NVIDIA L20,FP32
development,egobody_recording_20210918_S06_S05_03_small_kinect_12_kinect_11_b01166,150,41.438770095817745,3.6197985522533385,18.322395283728838,8.186702539553176,281.9477422880009,0.15172574669122696,988.6258810461551,12.89645004272461,NVIDIA L20,FP32
development,egobody_recording_20210918_S09_S05_01_extreme_kinect_13_kinect_11_b02021,150,41.40582125727087,3.6226790206137975,19.417684514075518,7.724916938024603,285.61542772781104,1.6304501183331013,91.99913466433014,12.828010559082031,NVIDIA L20,FP32
development,egobody_recording_20210918_S09_S05_01_medium_kinect_12_kinect_13_b02021,150,43.221692183054984,3.470479576891886,17.855264080688357,8.40088386943741,317.0630380427465,2.757256562821567,54.401901521453404,12.926509857177734,NVIDIA L20,FP32
development,egobody_recording_20210918_S09_S05_01_small_kinect_12_kinect_11_b02021,150,43.9008210496977,3.416792588689703,17.517917584627867,8.562661587792054,313.9146095858887,0.2111368253827095,710.4397810666517,12.895133972167969,NVIDIA L20,FP32
development,egobody_recording_20210918_S09_S05_02_extreme_kinect_13_kinect_11_b03726,150,44.13079452794045,3.3989870702425438,18.35553670208901,8.171921226521738,309.9215565333143,0.12411285657435656,1208.5774523297218,12.880569458007812,NVIDIA L20,FP32
development,egobody_recording_20210918_S09_S05_02_medium_kinect_13_kinect_12_b03726,150,41.7538229720667,3.592485413858989,18.062793309800327,8.304363418620005,339.06474360637367,0.12176790554076433,1231.851688126346,12.889690399169922,NVIDIA L20,FP32
development,egobody_recording_20210918_S09_S05_02_small_kinect_11_kinect_12_b03726,150,42.95765436254442,3.491810766343607,25.054838051088154,5.986867673785876,312.881365083158,0.11002443078905344,1363.333569864956,12.874420166015625,NVIDIA L20,FP32
development,egobody_recording_20210918_S09_S05_03_extreme_kinect_13_kinect_11_b02121,150,42.00416283030063,3.5710746243416187,17.31808820553124,8.661464141988338,364.9758151192218,0.1540522500872612,973.6956124628764,12.837825775146484,NVIDIA L20,FP32
development,egobody_recording_20210918_S09_S05_03_medium_kinect_13_kinect_12_b02121,150,42.32106107287109,3.5443345747338535,17.33555230498314,8.652738451077916,373.95433915313333,0.1351956445723772,1109.5031979354724,12.89889144897461,NVIDIA L20,FP32
development,egobody_recording_20210918_S09_S05_03_small_kinect_11_kinect_12_b02121,150,41.709324365481734,3.5963181442502257,17.399105741642416,8.621132731034285,360.98398905433714,0.12045510672032833,1245.277216417804,12.883426666259766,NVIDIA L20,FP32
development,egobody_recording_20210921_S10_S11_01_extreme_kinect_13_kinect_11_b02266,150,41.67211036477238,3.5995297259243886,14.936402234248817,10.042579039285213,378.6820814013481,0.1675376370549202,895.3212104264595,12.925128936767578,NVIDIA L20,FP32
development,egobody_recording_20210921_S10_S11_01_medium_kinect_12_kinect_11_b02266,150,42.301953645423055,3.545935520078032,14.693020194768906,10.208929002452734,370.3387474725023,0.12224591337144375,1227.034882910364,12.858070373535156,NVIDIA L20,FP32
development,egobody_recording_20210921_S10_S11_01_small_kinect_13_kinect_12_b02266,150,49.549171823076904,3.027295804975279,15.808459500782192,9.48859058610854,298.930871386081,0.12356634717434645,1213.9227502481472,12.903694152832031,NVIDIA L20,FP32
development,egobody_recording_20210921_S10_S11_02_extreme_kinect_13_kinect_11_b02411,150,41.920213484205306,3.578226052129171,16.476592247374356,9.103824246418636,381.77612159587443,0.12069416232407093,1242.810730126625,12.854717254638672,NVIDIA L20,FP32
development,egobody_recording_20210921_S10_S11_02_medium_kinect_12_kinect_11_b02411,150,41.82348739821464,3.586501493091731,16.336013599298894,9.18216669496637,381.1146149467677,0.13773435074836016,1089.0529427480956,12.887142181396484,NVIDIA L20,FP32
development,egobody_recording_20210921_S10_S11_02_small_kinect_13_kinect_12_b02411,150,47.04165855050087,3.1886630833598213,16.05304552987218,9.344021339805815,286.2073368038982,0.12079100124537945,1241.814360784081,12.881072998046875,NVIDIA L20,FP32
development,egobody_recording_20210923_S05_S13_01_extreme_kinect_13_kinect_11_b02761,150,41.19405388366431,3.641302223461993,17.764113669283688,8.443990102324566,355.9089002972469,0.13522400613874197,1109.2704933330967,12.87197494506836,NVIDIA L20,FP32
development,egobody_recording_20210923_S05_S13_01_medium_kinect_12_kinect_11_b02761,150,42.41615121252835,3.5363887507948832,17.98503892030567,8.340265520951712,299.2448405427858,0.20632537081837654,727.0070539800049,12.83267593383789,NVIDIA L20,FP32
development,egobody_recording_20210923_S05_S13_01_small_kinect_12_kinect_13_b02761,150,42.98310839664191,3.4897429617193265,16.096961583010852,9.318528793552806,340.707160375081,1.028370190411806,145.86187094739998,12.889339447021484,NVIDIA L20,FP32
development,egobody_recording_20210923_S05_S13_02_extreme_kinect_13_kinect_11_b04071,150,41.839745599776506,3.5851078406366135,15.104179779998958,9.931025860711143,344.21034937445074,0.9692383334040642,154.76069696210286,12.898971557617188,NVIDIA L20,FP32
development,egobody_recording_20210923_S05_S13_02_medium_kinect_12_kinect_11_b04071,150,42.11609555315226,3.561583713539964,15.853542687371373,9.461607601403005,287.38431766536087,0.13873196300119162,1081.2216359881795,12.919269561767578,NVIDIA L20,FP32
development,egobody_recording_20210923_S05_S13_02_small_kinect_13_kinect_12_b04071,150,42.87339087296277,3.498673581580281,18.35366151574999,8.172756148481826,310.47888433840126,0.4356653727591038,344.3009460449839,12.895973205566406,NVIDIA L20,FP32
development,egobody_recording_20210923_S13_S05_01_extreme_kinect_11_kinect_13_b02401,150,42.26633214019239,3.5489239875953245,24.51588329579681,6.118482381000612,316.01738934312016,0.1836630031466484,816.7132053276418,12.88888168334961,NVIDIA L20,FP32
development,egobody_recording_20210923_S13_S05_01_medium_kinect_11_kinect_12_b02401,150,42.51657319813967,3.528035980250716,17.37492122966796,8.63313266386915,376.5582749955356,0.12952150125056505,1158.1088742155512,12.924968719482422,NVIDIA L20,FP32
development,egobody_recording_20210923_S13_S05_01_small_kinect_13_kinect_12_b02401,150,42.13505968172103,3.5599807175560447,17.838700434193015,8.40868428467366,375.03710655588657,0.17028120066970587,880.8958323646938,12.869873046875,NVIDIA L20,FP32
development,egobody_recording_20210923_S14_S03_01_extreme_kinect_13_kinect_11_b02046,150,42.38544700201601,3.5389505268840376,20.535831884481013,7.304305997623375,349.6001653643325,0.15375410672277212,975.5836978745484,12.832157135009766,NVIDIA L20,FP32
development,egobody_recording_20210923_S14_S03_01_medium_kinect_12_kinect_11_b02046,150,42.85193579271436,3.5004252952675907,18.058399344794452,8.306384034155235,313.4907751912251,0.19446437247097492,771.3495181354542,12.9290771484375,NVIDIA L20,FP32
development,egobody_recording_20210923_S14_S03_01_small_kinect_12_kinect_13_b02046,150,42.891472747549415,3.4971986362620338,18.949147164821625,7.915923534462244,348.4672144157812,0.15339115634560585,977.8920999984821,12.875701904296875,NVIDIA L20,FP32
development,egobody_recording_20210923_S14_S03_02_extreme_kinect_11_kinect_13_b01601,150,43.068897223100066,3.482791751620408,17.452296030707657,8.594857647158406,391.4660501014441,0.1338077187538147,1121.0115634358626,12.869709014892578,NVIDIA L20,FP32
development,egobody_recording_20210923_S14_S03_02_medium_kinect_12_kinect_11_b01601,150,42.59785860031843,3.5213037680461876,17.024279596284032,8.810945517644177,394.0497143063694,0.1465673977509141,1023.4199576560641,12.85528564453125,NVIDIA L20,FP32
development,egobody_recording_20210923_S14_S03_02_small_kinect_13_kinect_12_b01601,150,42.46131281089038,3.532627468869223,21.335975993424654,7.030379113954158,372.1724436841905,0.1499968795105815,1000.0208036955748,12.899471282958984,NVIDIA L20,FP32
development,egobody_recording_20210923_S14_S03_03_extreme_kinect_13_kinect_11_b02456,150,45.171148585155606,3.320703694687406,22.583625624887645,6.6419804548432095,328.6986589208245,0.12833016272634268,1168.8600467207941,12.879505157470703,NVIDIA L20,FP32
development,egobody_recording_20210923_S14_S03_03_medium_kinect_12_kinect_11_b02456,150,44.231531041674316,3.3912459385290585,15.776899396441877,9.507571559582177,300.15183698385954,0.17870278842747211,839.3825374520031,12.88559341430664,NVIDIA L20,FP32
development,egobody_recording_20210923_S14_S03_03_small_kinect_13_kinect_12_b02456,150,42.05908092018217,3.566411740776344,17.684961516410112,8.48178266380806,304.3024972965941,0.1313374824821949,1142.0958980261794,12.91115951538086,NVIDIA L20,FP32
development,egobody_recording_20210929_S15_S11_01_extreme_kinect_11_kinect_13_b02726,150,42.24220054876059,3.5509513721202453,15.873770739883184,9.449550611381946,348.25506364461035,1.6560175977647305,90.57874759451103,12.938823699951172,NVIDIA L20,FP32
development,egobody_recording_20210929_S15_S11_01_medium_kinect_12_kinect_11_b02726,150,42.03825994860381,3.568178135426889,15.525910448282957,9.661269173209021,338.1229551034048,0.12497752346098423,1200.2158135804902,12.868621826171875,NVIDIA L20,FP32
development,egobody_recording_20210929_S15_S11_01_small_kinect_13_kinect_12_b02726,150,43.6851294497028,3.4336627106188073,16.43645211495459,9.126057068211427,341.3207127619535,0.1376335248351097,1089.850748062333,12.881546020507812,NVIDIA L20,FP32
development,egobody_recording_20210929_S15_S11_02_extreme_kinect_11_kinect_13_b04466,150,43.18219954147935,3.473653533000678,15.107040047645569,9.929145585562772,300.70633989945054,0.15367515292018652,976.0849242681719,12.911140441894531,NVIDIA L20,FP32
development,egobody_recording_20210929_S15_S11_02_medium_kinect_11_kinect_12_b04466,150,41.85261537972838,3.5840054113476887,17.038193196989596,8.803750389830235,310.0498637733981,0.26958767883479595,556.4052505972293,12.913360595703125,NVIDIA L20,FP32
development,egobody_recording_20210929_S15_S11_02_small_kinect_12_kinect_13_b04466,150,44.95011976547539,3.337032265600541,15.981578069739044,9.385806542097585,311.7645028773695,0.14945310167968273,1003.6593306808005,12.932945251464844,NVIDIA L20,FP32
development,egobody_recording_20210929_S15_S11_03_extreme_kinect_13_kinect_11_b01946,150,41.98073455877602,3.573067541016685,16.89440601784736,8.878678530724255,332.4319869270548,0.5437824092805386,275.8456276628372,12.908733367919922,NVIDIA L20,FP32
development,egobody_recording_20210929_S15_S11_03_medium_kinect_12_kinect_11_b01946,150,41.99904929380864,3.5715094156217604,16.472916995175183,9.105855389420956,342.25556093640625,0.14047500770539045,1067.805600798298,12.881973266601562,NVIDIA L20,FP32
development,egobody_recording_20210929_S15_S11_03_small_kinect_12_kinect_13_b01946,150,43.05066700279713,3.4842665733902347,18.109680488705635,8.282862864065972,319.2489690100774,2.769897038117051,54.1536374586575,12.904376983642578,NVIDIA L20,FP32
development,egobody_recording_20210929_S16_S05_01_extreme_kinect_13_kinect_11_b03136,150,41.50893482752144,3.6136798167257793,15.760282851755619,9.517595680923375,286.0743658747524,0.15261836908757687,982.843683213032,12.81436538696289,NVIDIA L20,FP32
development,egobody_recording_20210929_S16_S05_01_medium_kinect_11_kinect_12_b03136,150,45.55082237254828,3.29302506929928,16.694354590028524,8.985073318713049,290.1877338141203,1.349500318057835,111.15225242471674,12.900390625,NVIDIA L20,FP32
development,egobody_recording_20210929_S16_S05_01_small_kinect_13_kinect_12_b03136,150,42.81424661260098,3.50350670320688,16.726404606364667,8.96785672295184,289.1508840620518,0.17729316465556622,846.0563061830973,12.895877838134766,NVIDIA L20,FP32
development,egobody_recording_20211002_S15_S17_01_extreme_kinect_11_kinect_13_b03246,150,42.23948310315609,3.5511798199252147,18.523447297513485,8.097844725702618,315.00022116675973,0.1315643284469843,1140.1266724091145,12.928367614746094,NVIDIA L20,FP32
development,egobody_recording_20211002_S15_S17_01_medium_kinect_12_kinect_13_b03246,150,42.17630178947002,3.556499589479177,18.471542490646243,8.120599569633024,305.43244793638587,0.11981971561908722,1251.8807879402534,12.855712890625,NVIDIA L20,FP32
development,egobody_recording_20211002_S15_S17_01_small_kinect_11_kinect_12_b03246,150,42.51364941522479,3.5282786131807047,18.00266421865672,8.332100081306319,275.05230611003935,0.16493140626698732,909.4689931715207,12.87057113647461,NVIDIA L20,FP32
development,egobody_recording_20211002_S15_S17_02_extreme_kinect_13_kinect_11_b02431,150,42.636731901206076,3.518093280403532,18.81619205418974,7.9718574070676524,271.7169367065653,0.1310686133801937,1144.4387495341207,12.892356872558594,NVIDIA L20,FP32
development,egobody_recording_20211002_S15_S17_02_medium_kinect_12_kinect_13_b02431,150,43.948286565952,3.4131023464338948,19.3017452750355,7.771317974753664,267.4205112522468,0.11171538196504116,1342.6978215671245,12.842849731445312,NVIDIA L20,FP32
development,egobody_recording_20211002_S15_S17_02_small_kinect_12_kinect_11_b02431,150,42.07584939338267,3.5649904199816516,17.792961259372532,8.43029992666267,275.7996663171798,0.13245692383497953,1132.4436326701682,12.939132690429688,NVIDIA L20,FP32
development,egobody_recording_20211002_S18_S03_01_extreme_kinect_13_kinect_11_b01651,150,43.024675246328115,3.4863714633802276,17.812852442264557,8.420886013971293,281.3477632198483,0.17191500030457973,872.5242110010576,12.905357360839844,NVIDIA L20,FP32
development,egobody_recording_20211002_S18_S03_01_medium_kinect_12_kinect_13_b01651,150,42.66902409400791,3.515430764704665,19.416617651470006,7.725341390169658,306.83573331777006,0.12423765286803246,1207.3634404485474,12.825328826904297,NVIDIA L20,FP32
development,egobody_recording_20211002_S18_S03_01_small_kinect_12_kinect_11_b01651,150,43.416635260917246,3.4548969329050445,15.359464376233518,9.765965552295082,295.6457771565765,0.1619379622861743,926.2806440340547,12.863971710205078,NVIDIA L20,FP32
development,egobody_recording_20211002_S18_S03_02_extreme_kinect_13_kinect_11_b02781,150,43.510070900432765,3.4474777194285853,16.854123765602708,8.899899044655909,298.2467958787456,0.11784302350133657,1272.8797644800645,12.913032531738281,NVIDIA L20,FP32
development,egobody_recording_20211002_S18_S03_02_medium_kinect_12_kinect_13_b02781,150,46.65467312838882,3.2151120121925527,18.6345780165866,8.049551745496212,287.2537030149251,0.15630583558231592,959.6570687279615,12.896102905273438,NVIDIA L20,FP32
development,egobody_recording_20211002_S18_S03_02_small_kinect_12_kinect_11_b02781,150,43.19045835733414,3.4729893060865984,16.510449356399477,9.085155513460315,293.25009712949395,0.12151486054062843,1234.4169209645563,12.885345458984375,NVIDIA L20,FP32
development,egobody_recording_20211004_S19_S06_01_extreme_kinect_11_kinect_13_b03136,150,42.338094730861485,3.542908601663187,17.377480844035745,8.631861047424639,275.7747918376699,2.5751847233623266,58.248248616569285,12.872222900390625,NVIDIA L20,FP32
development,egobody_recording_20211004_S19_S06_01_medium_kinect_13_kinect_12_b03136,150,43.27018862217665,3.4665899266064826,16.534086466766894,9.072167385933072,278.04065414331853,0.12635355908423662,1187.1450324561013,12.896358489990234,NVIDIA L20,FP32
development,egobody_recording_20211004_S19_S06_01_small_kinect_11_kinect_12_b03136,150,43.3692113570869,3.4586748365090743,19.52699873317033,7.681672030079891,278.1946471594274,0.2264723526313901,662.3325022111742,12.891674041748047,NVIDIA L20,FP32
development,egobody_recording_20211004_S19_S06_02_extreme_kinect_13_kinect_11_b02621,150,41.92874352168292,3.577498093221644,17.727487033233047,8.46143617077822,278.34995109401643,0.12774404138326645,1174.2230664987317,12.906963348388672,NVIDIA L20,FP32
development,egobody_recording_20211004_S19_S06_02_medium_kinect_12_kinect_13_b02621,150,44.29123569931835,3.386674533497121,17.765052441507578,8.443543890111405,272.87153654918075,0.8734244341030717,171.73781055717373,12.922279357910156,NVIDIA L20,FP32
development,egobody_recording_20211004_S19_S06_02_small_kinect_12_kinect_11_b02621,150,42.66634383704513,3.515651600542398,16.380442339926958,9.157261866755478,273.0571296270937,0.12411321885883808,1208.5739245116558,12.899314880371094,NVIDIA L20,FP32
development,egobody_recording_20211004_S19_S06_03_extreme_kinect_11_kinect_13_b03986,150,43.06996028497815,3.482705788617053,18.036162386648357,8.316625054952965,292.43553666584194,0.508966046385467,294.71514075498277,12.849178314208984,NVIDIA L20,FP32
development,egobody_recording_20211004_S19_S06_03_medium_kinect_13_kinect_12_b03986,150,42.8455162178725,3.5009497665342466,17.4625827614218,8.589794651188644,282.837950036861,0.15257432032376528,983.1274337758639,12.909751892089844,NVIDIA L20,FP32
development,egobody_recording_20211004_S19_S06_03_small_kinect_11_kinect_12_b03986,150,43.86887917481363,3.419280428895007,17.88996245339513,8.38458998395121,290.0107471924275,0.1324219461530447,1132.742754185471,12.849899291992188,NVIDIA L20,FP32
development,egobody_recording_20211004_S19_S06_04_extreme_kinect_11_kinect_13_b02011,150,45.004667500033975,3.332987628447355,18.252828488126397,8.217904424926587,298.5431389408186,0.1211779210716486,1237.8492606034215,12.865482330322266,NVIDIA L20,FP32
development,egobody_recording_20211004_S19_S06_04_medium_kinect_12_kinect_13_b02011,150,42.62727647088468,3.518873651298204,17.70522099547088,8.472077249889795,295.90255431924015,0.12732472829520702,1178.0900851578456,12.926898956298828,NVIDIA L20,FP32
development,egobody_recording_20211004_S19_S06_04_small_kinect_12_kinect_11_b02011,150,43.032564361579716,3.4857323105272067,22.04212944302708,6.805150127972403,287.1272671222687,0.12761911284178495,1175.3725336263826,12.865489959716797,NVIDIA L20,FP32
development,egobody_recording_20211004_S19_S06_05_extreme_kinect_13_kinect_11_b03406,150,44.19144265539944,3.394322316419615,16.542014027014375,9.067819659386005,286.93773716222495,0.13294177874922752,1128.313472343032,12.86334228515625,NVIDIA L20,FP32
development,egobody_recording_20211004_S19_S06_05_medium_kinect_12_kinect_13_b03406,150,43.77308982331306,3.4267628948622146,18.84108612779528,7.961324468376203,282.7271004533395,0.15612861886620522,960.7463454765001,12.826896667480469,NVIDIA L20,FP32
development,egobody_recording_20211004_S19_S06_05_small_kinect_11_kinect_12_b03406,150,41.37247416563332,3.625598976737045,18.421168471686542,8.142805937123423,293.3614421086386,0.12742595933377743,1177.1541747399563,12.872573852539062,NVIDIA L20,FP32
development,egobody_recording_20220215_S22_S21_01_extreme_kinect_15_kinect_14_b02706,150,41.498818431049585,3.6145607434396103,18.94561818614602,7.917398024504023,298.5888490630314,0.1748740468174219,857.7602150226912,12.919048309326172,NVIDIA L20,FP32
development,egobody_recording_20220215_S22_S21_01_medium_kinect_14_kinect_12_b02706,150,42.427891144528985,3.5354102208151414,19.21404926199466,7.806787520665913,288.10199098847806,0.17192877642810345,872.4542983223431,12.891181945800781,NVIDIA L20,FP32
development,egobody_recording_20220215_S22_S21_01_small_kinect_11_kinect_12_b02706,150,42.410442161373794,3.5368647992219158,19.391724861226976,7.7352582647209145,296.8042517704889,0.12204522360116243,1229.0526050424746,12.836463928222656,NVIDIA L20,FP32
development,egobody_recording_20220215_S22_S21_02_extreme_kinect_15_kinect_14_b02681,150,44.757980863563716,3.3513576150194706,20.866457919590175,7.188570315960269,286.3485486013815,0.5640845876187086,265.9175650113527,12.951824188232422,NVIDIA L20,FP32
development,egobody_recording_20220215_S22_S21_02_medium_kinect_14_kinect_12_b02681,150,41.99443720560521,3.571901660822323,20.138631572946906,7.448371030408118,290.84884715173393,0.11865623015910387,1264.156123946192,12.912242889404297,NVIDIA L20,FP32
development,egobody_recording_20220215_S22_S21_02_small_kinect_12_kinect_11_b02681,150,42.449552699923515,3.5336061385699895,19.476590319536626,7.701553379676402,293.8008241681382,1.003743877634406,149.44051300568384,12.939655303955078,NVIDIA L20,FP32
development,egobody_recording_20220215_S22_S21_03_extreme_kinect_15_kinect_14_b01686,150,42.542287927120924,3.5259034553328346,20.02728238608688,7.489783042366559,286.54201235994697,0.9265093393623829,161.8979902601186,12.900146484375,NVIDIA L20,FP32
development,egobody_recording_20220215_S22_S21_03_medium_kinect_14_kinect_12_b01686,150,43.53984894230962,3.44511989921578,20.616939295083284,7.275570726241209,279.2946702344343,0.15733044315129519,953.4073444117491,12.909770965576172,NVIDIA L20,FP32
development,egobody_recording_20220215_S22_S21_03_small_kinect_11_kinect_12_b01686,150,43.60251364391297,3.4401686385560115,20.383965093642473,7.35872531722414,282.0581576721743,1.073015640489757,139.7929297018778,12.802631378173828,NVIDIA L20,FP32
development,egobody_recording_20220215_S22_S21_04_extreme_kinect_14_kinect_15_b03046,150,42.60420142207295,3.5207795239247464,20.675535213202238,7.254951248092403,293.5432503176853,1.4306911490857601,104.8444313755998,12.969352722167969,NVIDIA L20,FP32
development,egobody_recording_20220215_S22_S21_04_medium_kinect_14_kinect_12_b03046,150,42.84733335953206,3.500801292377981,19.564568551257253,7.666920924272605,279.3914219085127,0.12685718666762114,1182.4320240761401,12.88455581665039,NVIDIA L20,FP32
development,egobody_recording_20220215_S22_S21_04_small_kinect_11_kinect_12_b03046,150,42.454020644538105,3.533234254911452,20.19726498425007,7.426748132332312,285.41138755809516,0.19256210699677467,778.9694573840139,12.915718078613281,NVIDIA L20,FP32
development,egobody_recording_20220218_S02_S23_01_extreme_kinect_15_kinect_13_b03091,150,42.54822504892945,3.525411455530837,23.582679049111903,6.360600493591877,290.5708183674142,0.15206156391650438,986.4425706049138,12.870838165283203,NVIDIA L20,FP32
development,egobody_recording_20220218_S02_S23_01_medium_kinect_13_kinect_11_b03091,150,43.20688058715314,3.4716692795591464,17.6231643082574,8.51152479635663,277.3189709633589,0.12789422925561666,1172.8441609370934,12.860862731933594,NVIDIA L20,FP32
development,egobody_recording_20220218_S02_S23_01_small_kinect_12_kinect_11_b03091,150,43.86584971472621,3.4195165709885584,17.265926331281662,8.687631183056565,267.9816446136683,0.1536503816023469,976.2422874302114,12.862476348876953,NVIDIA L20,FP32
development,egobody_recording_20220218_S02_S23_02_extreme_kinect_15_kinect_13_b03751,150,41.83126574661583,3.585834598182941,18.156030481681228,8.261717788552103,275.2358983941376,0.14667875319719315,1022.6429985966803,12.898483276367188,NVIDIA L20,FP32
development,egobody_recording_20220218_S02_S23_02_medium_kinect_13_kinect_11_b03751,150,43.40319344867021,3.4559669020067396,17.709258097223938,8.47014590766587,275.51701186504215,0.15216557495296001,985.7682990805938,12.912406921386719,NVIDIA L20,FP32
development,egobody_recording_20220218_S02_S23_02_small_kinect_12_kinect_11_b03751,150,44.2198835266754,3.392139192531191,17.218568024225533,8.711525824270558,294.4376418320462,0.12271235603839159,1222.3707933133583,12.872760772705078,NVIDIA L20,FP32
development,egobody_recording_20220225_S26_S27_01_extreme_kinect_14_kinect_15_b03066,150,44.9824584685266,3.334633212743413,19.146373994648457,7.834381593189709,288.8362529296428,0.13336114957928658,1124.7653493780151,12.815189361572266,NVIDIA L20,FP32
development,egobody_recording_20220225_S26_S27_01_medium_kinect_12_kinect_15_b03066,150,42.610096297226846,3.520292443219902,19.549700066447258,7.672751985460987,288.8069626400247,0.12419207766652107,1207.8065108370117,12.87594223022461,NVIDIA L20,FP32
development,egobody_recording_20220225_S26_S27_01_small_kinect_14_kinect_13_b03066,150,41.180087928660214,3.6425371470759806,17.146115680225194,8.748337104303843,280.8414197685197,0.13019999582320452,1152.073769677239,12.909099578857422,NVIDIA L20,FP32
development,egobody_recording_20220312_S28_S29_01_extreme_kinect_14_kinect_15_b03226,150,41.78395677637309,3.5898945808985263,16.56571572367102,9.054845712803255,271.19184129685163,0.15075283031910658,995.0061944607406,12.782543182373047,NVIDIA L20,FP32
development,egobody_recording_20220312_S28_S29_01_medium_kinect_12_kinect_15_b03226,150,42.86516453232616,3.4993450191210536,14.299117809161544,10.490157644822952,271.2373535782099,0.1312982076779008,1142.4375294442573,12.889808654785156,NVIDIA L20,FP32
development,egobody_recording_20220312_S28_S29_01_small_kinect_15_kinect_11_b03226,150,42.417461685836315,3.5362794952458634,14.896358538419008,10.069575031584861,276.3979796860367,0.1263781599700451,1186.9139417408348,12.923881530761719,NVIDIA L20,FP32
development,egobody_recording_20220312_S28_S29_02_extreme_kinect_14_kinect_15_b02676,150,41.80110344849527,3.588422018208699,19.795709004625678,7.5773997266250674,276.88425613660365,0.1230266522616148,1219.2480023030025,12.912940979003906,NVIDIA L20,FP32
development,egobody_recording_20220312_S28_S29_02_medium_kinect_12_kinect_15_b02676,150,41.35289372969419,3.62731568389106,16.094176676124334,9.320141254726288,279.0710525950417,0.13006095215678215,1153.3054119055064,12.847148895263672,NVIDIA L20,FP32
development,egobody_recording_20220312_S28_S29_02_small_kinect_11_kinect_15_b02676,150,41.628097988665104,3.603335421206211,16.314195782877505,9.194446480618547,280.3413539128378,0.12558391690254211,1194.4204616296981,12.93771743774414,NVIDIA L20,FP32
development,egobody_recording_20220312_S28_S29_03_extreme_kinect_15_kinect_14_b01581,150,44.36623951327056,3.3809491551595876,17.3871268350631,8.627072283012746,275.87129059340805,0.126826087012887,1182.721974105834,12.746604919433594,NVIDIA L20,FP32
development,egobody_recording_20220312_S28_S29_03_medium_kinect_15_kinect_12_b01581,150,43.51485827472061,3.447098438262421,16.718399353325367,8.972150792065168,280.7063586981967,0.1292055156081915,1160.9411509557117,12.867107391357422,NVIDIA L20,FP32
development,egobody_recording_20220312_S28_S29_03_small_kinect_15_kinect_11_b01581,150,43.10725208558142,3.4796929227175726,20.147605613805354,7.445053416035621,276.1646214593202,0.12964427657425404,1157.0121255147517,12.929313659667969,NVIDIA L20,FP32
development,egobody_recording_20220312_S28_S29_04_extreme_kinect_15_kinect_14_b02691,150,43.03649661038071,3.4854138188334534,16.449129256419837,9.119023728350687,283.30464649386704,1.4111767280846834,106.29426989175705,12.79315185546875,NVIDIA L20,FP32
development,egobody_recording_20220312_S28_S29_04_medium_kinect_15_kinect_12_b02691,150,42.07859193067998,3.5647580662183067,18.022822814062238,8.322780595887735,275.3884506486356,0.13847562205046415,1083.223153497271,12.894943237304688,NVIDIA L20,FP32
development,egobody_recording_20220312_S28_S29_04_small_kinect_15_kinect_11_b02691,150,43.17848981451243,3.4739519757262216,16.76508995704353,8.947163444057775,274.8562712194398,0.12497490737587214,1200.2409375576722,12.89974594116211,NVIDIA L20,FP32
development,egobody_recording_20220312_S28_S29_05_extreme_kinect_14_kinect_15_b03681,150,42.337784538045526,3.542934559204608,16.728032750077546,8.966983879159649,281.2780915182084,0.13161015044897795,1139.729720605033,12.840953826904297,NVIDIA L20,FP32
development,egobody_recording_20220312_S28_S29_05_medium_kinect_15_kinect_12_b03681,150,43.333329651504755,3.4615387556490536,22.040081121958792,6.805782572667268,276.84823197312653,0.131089573726058,1144.2557614342365,12.834579467773438,NVIDIA L20,FP32
development,egobody_recording_20220312_S28_S29_05_small_kinect_15_kinect_11_b03681,150,43.10055109951645,3.480233922152398,17.034095283597708,8.805868318961233,282.8779369518161,0.1523271119222045,984.7229301938517,12.901874542236328,NVIDIA L20,FP32
development,egobody_recording_20220312_S28_S29_06_extreme_kinect_15_kinect_14_b03326,150,43.14238285832107,3.476859414386028,17.28608997259289,8.677497354105244,292.5640296265483,0.11274155136197805,1330.4766360576027,12.881248474121094,NVIDIA L20,FP32
development,egobody_recording_20220312_S28_S29_06_medium_kinect_12_kinect_15_b03326,150,44.11457744985819,3.4002365809917148,16.082488850690424,9.326914595905999,285.67621180042624,0.15398109052330256,974.145588203247,12.84561538696289,NVIDIA L20,FP32
development,egobody_recording_20220312_S28_S29_06_small_kinect_11_kinect_15_b03326,150,42.49766571819782,3.5296056257454365,17.87879776954651,8.389825867122871,289.4705396555364,0.15193258505314589,987.2799830762449,12.904472351074219,NVIDIA L20,FP32
development,egobody_recording_20220315_S30_S21_01_extreme_kinect_11_kinect_14_b02671,150,43.02090690936893,3.4866768456555612,18.299816615879536,8.196803451562381,278.02333270478994,0.13785626459866762,1088.0898335428258,12.92593002319336,NVIDIA L20,FP32
development,egobody_recording_20220315_S30_S21_01_medium_kinect_13_kinect_11_b02671,150,41.76214114762843,3.5917698632776673,17.354924940504134,8.643079731789536,270.2148486850783,0.1262063141912222,1188.5300744361068,12.911026000976562,NVIDIA L20,FP32
development,egobody_recording_20220315_S30_S21_01_small_kinect_11_kinect_12_b02671,150,42.66244624275714,3.5159727866159503,17.81241006590426,8.421095149113116,284.56248875614256,3.9931127298623323,37.564679523878965,12.887222290039062,NVIDIA L20,FP32
development,egobody_recording_20220315_S30_S21_02_extreme_kinect_11_kinect_14_b02581,150,44.04286476504058,3.4057730077327726,17.81441730260849,8.420146303524401,283.3014156566933,0.18125975597649813,827.5416635750562,12.928550720214844,NVIDIA L20,FP32
development,egobody_recording_20220315_S30_S21_02_medium_kinect_13_kinect_11_b02581,150,41.83079922012985,3.5858745899317386,19.358179609291255,7.74866247898667,274.7771481927484,0.14898047130554914,1006.8433713863066,12.885330200195312,NVIDIA L20,FP32
development,egobody_recording_20220315_S30_S21_02_small_kinect_11_kinect_12_b02581,150,42.47125806193799,3.531800253744483,17.328223092481494,8.656398246920261,279.16743863839656,0.13100625481456518,1144.9834987827094,12.880172729492188,NVIDIA L20,FP32
development,egobody_recording_20220415_S36_S35_01_extreme_kinect_14_kinect_13_b02676,150,41.714423849247396,3.595878503370634,17.82852049637586,8.413485573886609,284.55895274318755,0.13484831526875496,1112.3609494197053,12.865913391113281,NVIDIA L20,FP32
development,egobody_recording_20220415_S36_S35_01_medium_kinect_15_kinect_13_b02676,150,44.444895840249956,3.3749657224791556,17.602148570120335,8.521686963523598,275.70468094665557,0.13121254555881023,1143.1833698612998,12.844913482666016,NVIDIA L20,FP32
development,egobody_recording_20220415_S36_S35_01_small_kinect_11_kinect_12_b02676,150,42.66557898186147,3.5157146247510176,17.148559547960758,8.747090365256797,284.01789255905896,0.13839904963970184,1083.8224712561193,12.829811096191406,NVIDIA L20,FP32
development,egobody_recording_20220415_S36_S35_02_extreme_kinect_14_kinect_13_b02901,150,43.53854215890169,3.445223302437371,18.71455126348883,8.015153443333832,284.7811035886407,0.13153543882071972,1140.377082745336,12.898029327392578,NVIDIA L20,FP32
development,egobody_recording_20220415_S36_S35_02_medium_kinect_13_kinect_15_b02901,150,43.76911216881126,3.427074312621907,19.643346372060478,7.636173448193687,273.1678242832422,0.1968763517215848,761.8995307883621,12.95199966430664,NVIDIA L20,FP32
development,egobody_recording_20220415_S36_S35_02_small_kinect_12_kinect_11_b02901,150,41.107632875442505,3.6489573713598396,17.544428300112486,8.5497228769226,240.68585137836635,0.12088881805539131,1240.8095505679437,12.873775482177734,NVIDIA L20,FP32
holdout,egobody_recording_20210921_S11_S10_01_extreme_kinect_11_kinect_13_b01526,150,47.074535112828016,3.1864361409088953,15.857954271137714,9.458975441303147,346.52450924832374,0.23454422689974308,639.5382311589282,12.860618591308594,NVIDIA L20,FP32
holdout,egobody_recording_20210921_S11_S10_01_medium_kinect_12_kinect_11_b01526,150,43.03693753760308,3.4853781096514838,15.42460730113089,9.724720835453775,417.9434743532911,0.21086734253913164,711.3477041717059,12.872734069824219,NVIDIA L20,FP32
holdout,egobody_recording_20210921_S11_S10_01_small_kinect_13_kinect_12_b01526,150,43.26499266922474,3.4670062502217416,16.20570193603635,9.256001411851683,414.1392572131008,0.19962272606790066,751.417451082089,12.854110717773438,NVIDIA L20,FP32
holdout,egobody_recording_20210921_S11_S10_02_extreme_kinect_11_kinect_13_b02981,150,42.19968525972217,3.5545288804124966,15.426670032553375,9.723420523254198,420.02875488530844,0.1916449386626482,782.6974249711044,12.857093811035156,NVIDIA L20,FP32
holdout,egobody_recording_20210921_S11_S10_02_medium_kinect_12_kinect_11_b02981,150,42.491970570757985,3.530078694519915,15.871632602065802,9.450823602133815,419.5497573297471,0.2176673524081707,689.1249346329136,12.831146240234375,NVIDIA L20,FP32
holdout,egobody_recording_20210921_S11_S10_02_small_kinect_12_kinect_13_b02981,150,42.06090473290533,3.5662570967630933,16.897207990288734,8.877206227573746,333.5272042779252,0.18118448834866285,827.8854407853453,12.886295318603516,NVIDIA L20,FP32
holdout,egobody_recording_20210923_S03_S14_01_extreme_kinect_13_kinect_11_b02231,150,45.294183518737555,3.311683495474582,17.723299093544483,8.463435571915381,330.6369616398588,0.2740293927490711,547.3865357843387,12.840606689453125,NVIDIA L20,FP32
holdout,egobody_recording_20210923_S03_S14_01_medium_kinect_11_kinect_12_b02231,150,42.5707661928609,3.523544756522492,17.284706911072135,8.678191696956915,355.39622995629907,0.21916988119482994,684.4006082508129,12.918388366699219,NVIDIA L20,FP32
holdout,egobody_recording_20210923_S03_S14_01_small_kinect_12_kinect_13_b02231,150,42.20187051035464,3.554344823725196,17.74851938150823,8.451409200717977,361.40950453747064,6.068199062719941,24.719030877138973,12.93094253540039,NVIDIA L20,FP32
holdout,egobody_recording_20211002_S03_S18_01_extreme_kinect_13_kinect_11_b02871,150,42.232394681312144,3.551775861442569,17.92883760947734,8.366409650601591,327.6706245401874,0.19750409293919802,759.4779316607771,12.833717346191406,NVIDIA L20,FP32
holdout,egobody_recording_20211002_S03_S18_01_medium_kinect_12_kinect_13_b02871,150,42.46410346403718,3.532395311890545,18.540275829844177,8.09049451996533,297.24300087988377,0.22013658750802279,681.3951360744761,12.880416870117188,NVIDIA L20,FP32
holdout,egobody_recording_20211002_S03_S18_01_small_kinect_12_kinect_11_b02871,150,42.5060924096033,3.528905893172878,17.726548838429153,8.461884000500817,376.4271980151534,0.18546377774327993,808.7832666043872,12.883182525634766,NVIDIA L20,FP32
holdout,egobody_recording_20211002_S03_S18_02_extreme_kinect_11_kinect_13_b04461,150,43.38455925602466,3.457451281567878,17.838897528126836,8.408591380913139,388.9988327762112,0.1914983931928873,783.2963895885647,12.871116638183594,NVIDIA L20,FP32
holdout,egobody_recording_20211002_S03_S18_02_medium_kinect_13_kinect_12_b04461,150,43.42847175709903,3.453955295479175,17.604012723080814,8.520784571084373,376.5101686967537,0.1775614032521844,844.7781851946739,12.849185943603516,NVIDIA L20,FP32
holdout,egobody_recording_20211002_S03_S18_02_small_kinect_12_kinect_11_b04461,150,45.14288429170847,3.3227828118096334,18.2199754556641,8.23272239663578,357.5419578878209,0.19239065423607826,779.6636515198828,12.889705657958984,NVIDIA L20,FP32
holdout,egobody_recording_20211002_S03_S18_03_extreme_kinect_11_kinect_13_b02681,150,42.166843358427286,3.5572973467557807,20.855950408615172,7.192192015283946,363.88356743194163,0.22705164458602667,660.6426492681366,12.86014175415039,NVIDIA L20,FP32
holdout,egobody_recording_20211002_S03_S18_03_medium_kinect_12_kinect_13_b02681,150,46.14273075480014,3.250782897897645,17.144906845875084,8.74895392249324,345.7547434102744,0.21128508727997541,709.9412548753803,12.89581298828125,NVIDIA L20,FP32
holdout,egobody_recording_20211002_S03_S18_03_small_kinect_11_kinect_12_b02681,150,47.29891344718635,3.171320207333917,18.21157148387283,8.236521495843002,340.65003357827663,0.18401890061795712,815.1336601636156,12.887989044189453,NVIDIA L20,FP32
holdout,egobody_recording_20211002_S03_S18_04_extreme_kinect_11_kinect_13_b04526,150,42.080865655094385,3.56456545427175,17.85335503425449,8.401782169917151,414.80875709094107,0.22396273165941238,669.7542885309598,12.911529541015625,NVIDIA L20,FP32
holdout,egobody_recording_20211002_S03_S18_04_medium_kinect_12_kinect_13_b04526,150,42.083989690989256,3.5643008446063993,18.38628041371703,8.158256951639492,416.890163696371,0.1381698241457343,1085.620546507954,12.865215301513672,NVIDIA L20,FP32
holdout,egobody_recording_20211002_S03_S18_04_small_kinect_11_kinect_12_b04526,150,47.01707779150456,3.1903301320675284,22.89965765643865,6.550316264567598,404.8054047767073,0.1540130227804184,973.9436139362066,12.873634338378906,NVIDIA L20,FP32
holdout,egobody_recording_20220215_S21_S22_02_extreme_kinect_15_kinect_14_b03131,150,46.88691366370767,3.1991869005467497,19.754877080209553,7.593061672363939,480.72912822663784,0.29373629577457905,510.66212163005537,12.940364837646484,NVIDIA L20,FP32
holdout,egobody_recording_20220215_S21_S22_02_medium_kinect_14_kinect_12_b03131,150,44.96190329361707,3.3361577026765783,18.00025155581534,8.333216873935271,462.13408332690597,0.15993727277964354,937.8676864564598,12.909774780273438,NVIDIA L20,FP32
holdout,egobody_recording_20220215_S21_S22_02_small_kinect_12_kinect_11_b03131,150,44.76856907829642,3.350564985395507,19.326213627122343,7.761478937058344,494.005183422938,0.18271701503545046,820.94160727668,12.877159118652344,NVIDIA L20,FP32
holdout,egobody_recording_20220218_S23_S02_01_extreme_kinect_13_kinect_15_b02751,150,44.60896817967296,3.362552556603422,16.911014013923705,8.869958943709545,485.5784685211256,0.17120891716331244,876.1225903725464,12.900924682617188,NVIDIA L20,FP32
holdout,egobody_recording_20220218_S23_S02_01_medium_kinect_13_kinect_11_b02751,150,45.66529591847211,3.2847701297676988,25.93342364579439,5.784041553816417,471.19725027214736,0.2062558438628912,727.252121397892,12.911449432373047,NVIDIA L20,FP32
holdout,egobody_recording_20220218_S23_S02_01_small_kinect_12_kinect_11_b02751,150,47.32390659954399,3.169645339496241,28.909794819541276,5.188552908670561,470.4558557989076,0.19596379902213812,765.4474997346547,12.81436538696289,NVIDIA L20,FP32
holdout,egobody_recording_20220218_S23_S02_02_extreme_kinect_13_kinect_15_b02501,150,51.85487369261682,2.892688561718688,19.1504878224805,7.832698644047961,479.89261302817613,0.20813974738121033,720.669655302662,12.885517120361328,NVIDIA L20,FP32
holdout,egobody_recording_20220218_S23_S02_02_medium_kinect_11_kinect_13_b02501,150,44.31301252543926,3.3850102137354763,22.72906616795808,6.59947922591998,480.12189021054655,0.2230620700865984,672.4585669888482,12.88723373413086,NVIDIA L20,FP32
holdout,egobody_recording_20220218_S23_S02_02_small_kinect_11_kinect_12_b02501,150,44.63158787507564,3.3608483843293193,21.507074493914843,6.974449269817734,473.71426103264093,0.22319496981799603,672.0581566973362,12.897945404052734,NVIDIA L20,FP32
holdout,egobody_recording_20220315_S21_S30_01_extreme_kinect_14_kinect_11_b03631,150,45.4536384511739,3.3000658497587456,17.933267147280276,8.364343137705875,438.2176156742498,0.14562711399048567,1030.0279658759152,12.868457794189453,NVIDIA L20,FP32
holdout,egobody_recording_20220315_S21_S30_01_medium_kinect_13_kinect_11_b03631,150,45.67311654146761,3.284207677481605,26.10620237607509,5.745761020280254,407.35145011916757,0.1502244956791401,998.5055987166062,12.890098571777344,NVIDIA L20,FP32
holdout,egobody_recording_20220315_S21_S30_01_small_kinect_12_kinect_11_b03631,150,46.69175893254578,3.2125583492517515,18.356100963428617,8.171670023979999,430.3664494268596,0.16248955018818378,923.1362867721691,12.893241882324219,NVIDIA L20,FP32
holdout,egobody_recording_20220315_S21_S30_02_extreme_kinect_11_kinect_14_b02196,150,44.35721073485911,3.381637337311634,25.949945277534425,5.780359010231097,462.0720677273348,0.2189308749511838,685.1477665425049,12.920516967773438,NVIDIA L20,FP32
holdout,egobody_recording_20220315_S21_S30_02_medium_kinect_13_kinect_11_b02196,150,44.35896914731711,3.381503287460236,22.963641814887524,6.5320649576912375,439.233934847638,0.15583655890077353,962.5469213261449,12.902030944824219,NVIDIA L20,FP32
holdout,egobody_recording_20220315_S21_S30_02_small_kinect_12_kinect_11_b02196,150,43.08887622412294,3.4811768870412956,20.757922855205834,7.2261565401463965,435.0449486486614,0.1554785231128335,964.763473416469,12.86935806274414,NVIDIA L20,FP32
holdout,egobody_recording_20220315_S21_S30_03_extreme_kinect_11_kinect_14_b03631,150,45.50054487679154,3.2966638181185934,29.923908416181803,5.012714178702848,409.2088446477428,0.16317123640328646,919.2796678286298,12.873706817626953,NVIDIA L20,FP32
holdout,egobody_recording_20220315_S21_S30_03_medium_kinect_13_kinect_11_b03631,150,47.26425200141966,3.1736459088677527,24.656804924830794,6.0835132717841125,424.3719152007252,0.15524173062294722,966.2350413003422,12.878063201904297,NVIDIA L20,FP32
holdout,egobody_recording_20220315_S21_S30_03_small_kinect_12_kinect_11_b03631,150,45.69124659243971,3.282904520815147,20.431284623220563,7.341682266494492,395.01919588446617,0.1658208267763257,904.5908340713662,12.895816802978516,NVIDIA L20,FP32
holdout,egobody_recording_20220315_S21_S30_04_extreme_kinect_14_kinect_11_b04401,150,47.24909346923232,3.1746640831887505,20.994326219893992,7.1447875215857914,421.41308276727796,0.19900655467063189,753.7440173679669,12.87228775024414,NVIDIA L20,FP32
holdout,egobody_recording_20220315_S21_S30_04_medium_kinect_11_kinect_13_b04401,150,45.168845794163644,3.320872990280876,20.17326055560261,7.435585317830108,422.42549592256546,0.14821948017925024,1012.0127247686773,12.917839050292969,NVIDIA L20,FP32
holdout,egobody_recording_20220315_S21_S30_04_small_kinect_12_kinect_11_b04401,150,44.340937580913305,3.382878400491197,18.311048139818013,8.191775744055839,425.6821085093543,0.20725436136126518,723.7483400338916,12.864532470703125,NVIDIA L20,FP32
holdout,egobody_recording_20220315_S21_S30_05_extreme_kinect_11_kinect_14_b02151,150,48.67486208397895,3.081672830242525,25.29796970821917,5.929329575853901,425.62614546436816,0.12332560867071152,1216.2923955276076,12.846076965332031,NVIDIA L20,FP32
holdout,egobody_recording_20220315_S21_S30_05_medium_kinect_13_kinect_11_b02151,150,44.285830923356116,3.387087853440067,20.13143688160926,7.4510329730626434,404.8887693658471,0.14593274239450693,1027.8707679904887,12.850360870361328,NVIDIA L20,FP32
holdout,egobody_recording_20220315_S21_S30_05_small_kinect_11_kinect_12_b02151,150,48.4213972883299,3.0978040370625917,23.576380290091038,6.362299816780771,408.07627860829234,0.14839004538953304,1010.8494785229071,12.888259887695312,NVIDIA L20,FP32
holdout,egobody_recording_20220315_S21_S30_06_extreme_kinect_11_kinect_14_b03586,150,43.88997723534703,3.417636769225678,22.402543179690838,6.695668380007115,401.0680884094909,0.16463140863925219,911.1262622352142,12.874153137207031,NVIDIA L20,FP32
holdout,egobody_recording_20220315_S21_S30_06_medium_kinect_11_kinect_13_b03586,150,44.74517865292728,3.3523164844976394,19.338738373480737,7.756452210227705,351.1103582503274,0.1518282275646925,987.9585792838587,12.857414245605469,NVIDIA L20,FP32
holdout,egobody_recording_20220315_S21_S30_06_small_kinect_11_kinect_12_b03586,150,46.16389260161668,3.249292716592685,24.3737336313352,6.154165884834238,337.4644331280142,0.20519075635820627,731.0270826144892,12.883319854736328,NVIDIA L20,FP32
test,egobody_recording_20210907_S03_S04_01_extreme_kinect_13_kinect_11_b01801,150,54.775656579993665,2.7384427566092597,15.850770493969321,9.463262373085895,552.4278506590053,1.543087544851005,97.20770574587422,12.934185028076172,NVIDIA L20,FP32
test,egobody_recording_20210907_S03_S04_01_medium_kinect_12_kinect_13_b01801,150,48.59782823268324,3.0865576807632173,15.599599961191416,9.615631193951707,645.8777669873089,1.3340077931061387,112.44312122850202,12.8922119140625,NVIDIA L20,FP32
test,egobody_recording_20210907_S03_S04_01_small_kinect_11_kinect_12_b01801,150,50.3024750771001,2.9819606246032735,15.993372408673167,9.378884963539983,599.6013991544023,0.21977845579385757,682.5054778831158,12.830162048339844,NVIDIA L20,FP32
test,egobody_recording_20210911_S03_S08_01_extreme_kinect_13_kinect_11_b02141,150,49.03317103628069,3.059153565430467,15.778277343139052,9.506741245439272,640.6346416836604,1.069278090260923,140.28156133209214,12.809906005859375,NVIDIA L20,FP32
test,egobody_recording_20210911_S03_S08_01_medium_kinect_11_kinect_12_b02141,150,48.599046661518514,3.0864802975399175,16.111557786352932,9.310086708502848,650.0244398433715,0.25513587798923254,587.9220170137359,12.865798950195312,NVIDIA L20,FP32
test,egobody_recording_20210911_S03_S08_01_small_kinect_13_kinect_12_b02141,150,48.430003735236824,3.0972535294450663,20.538350126706064,7.303410404176266,479.68451101798564,0.28294061683118343,530.1465787412824,12.83095932006836,NVIDIA L20,FP32
test,egobody_recording_20210911_S03_S08_02_extreme_kinect_11_kinect_13_b03471,150,51.27447026502341,2.9254324661901316,18.104584806598723,8.285194142940428,466.77057867031544,0.193346687592566,775.8084809608466,12.853614807128906,NVIDIA L20,FP32
test,egobody_recording_20210911_S03_S08_02_medium_kinect_12_kinect_11_b03471,150,47.51276108343154,3.157046582424514,19.592965753749013,7.6558088185959425,542.8794048838317,0.32406287640333176,462.87313642587236,12.754165649414062,NVIDIA L20,FP32
test,egobody_recording_20210911_S03_S08_02_small_kinect_13_kinect_12_b03471,150,52.075128277763724,2.88045377823967,19.545491751283407,7.674403996008472,569.5776016833261,0.18862554524093866,795.2263295430066,12.8394775390625,NVIDIA L20,FP32
test,egobody_recording_20210921_S05_S12_01_extreme_kinect_11_kinect_13_b02281,150,45.80466626863927,3.2747755244032715,17.604246811009943,8.520671268150359,555.6415725881234,0.2330270390957594,643.7021239340362,12.899547576904297,NVIDIA L20,FP32
test,egobody_recording_20210921_S05_S12_01_medium_kinect_12_kinect_11_b02281,150,43.23173085786402,3.4696737101081023,25.17183897085488,5.959040186681511,494.365140681155,0.21008090768009424,714.0106240802049,12.834785461425781,NVIDIA L20,FP32
test,egobody_recording_20210921_S05_S12_01_small_kinect_13_kinect_12_b02281,150,43.628149698488414,3.4381471833355577,25.556268729269505,5.869401421194383,497.93633419740945,3.8027567807585,39.4450680514153,12.828380584716797,NVIDIA L20,FP32
test,egobody_recording_20210921_S05_S12_02_extreme_kinect_13_kinect_11_b01916,150,46.35252703540027,3.2360695218502813,14.127067900262773,10.617914563659024,481.41564666386694,1.2456559231504798,120.41848572487336,12.878047943115234,NVIDIA L20,FP32
test,egobody_recording_20210921_S05_S12_02_medium_kinect_12_kinect_11_b01916,150,45.699592562392354,3.2823049744964194,16.487063240259886,9.098042375049175,509.6822091117501,0.17948288191109896,835.734296233875,12.85232925415039,NVIDIA L20,FP32
test,egobody_recording_20210921_S05_S12_02_small_kinect_13_kinect_12_b01916,150,46.61004127934575,3.218190670568432,17.582429879345,8.531244033352458,500.10673774871975,3.0002284198999405,49.996193291510316,12.857418060302734,NVIDIA L20,FP32
test,egobody_recording_20210921_S05_S12_03_extreme_kinect_11_kinect_13_b03356,150,46.042174112051725,3.2578826454838694,21.945564955472946,6.835094029447252,456.7785793049261,0.17734804470092058,845.7944955240963,12.854217529296875,NVIDIA L20,FP32
test,egobody_recording_20210921_S05_S12_03_medium_kinect_11_kinect_12_b03356,150,44.098168584518135,3.40150180415115,22.884203627705574,6.554739786461137,458.01895138435066,0.17906739935278893,837.6734153852209,12.883136749267578,NVIDIA L20,FP32
test,egobody_recording_20210921_S05_S12_03_small_kinect_12_kinect_13_b03356,150,54.47697896603495,2.7534566498909805,21.3224320076406,7.03484480317487,418.271985815838,0.19711801689118147,760.9654478352791,12.851387023925781,NVIDIA L20,FP32
test,egobody_recording_20210929_S05_S16_01_extreme_kinect_11_kinect_13_b02576,150,48.71525913476944,3.079117357972562,19.135649174451828,7.838772472912302,506.30896917171776,0.20374655444175005,736.2087688353234,12.854808807373047,NVIDIA L20,FP32
test,egobody_recording_20210929_S05_S16_01_medium_kinect_11_kinect_12_b02576,150,48.52316406648606,3.0913070671663365,18.90550557617098,7.934196702417952,513.5071842065081,0.21786401513963938,688.5028714074598,12.926567077636719,NVIDIA L20,FP32
test,egobody_recording_20210929_S05_S16_01_small_kinect_12_kinect_13_b02576,150,45.866868761368096,3.270334427676023,15.98588689044118,9.383276700756156,512.2381582064554,0.22025965340435505,681.014419488931,12.891178131103516,NVIDIA L20,FP32
test,egobody_recording_20210929_S05_S16_02_extreme_kinect_13_kinect_11_b02316,150,49.54058231692761,3.027820687298345,22.355192120186985,6.709850633068295,508.5221795691177,0.24752949550747871,605.988388141275,12.808746337890625,NVIDIA L20,FP32
test,egobody_recording_20210929_S05_S16_02_medium_kinect_11_kinect_12_b02316,150,43.73764508776367,3.4295399237661517,35.87578815501183,4.181092812564316,491.3501296043396,0.15722418390214443,954.0517004264386,12.888969421386719,NVIDIA L20,FP32
test,egobody_recording_20210929_S05_S16_02_small_kinect_12_kinect_13_b02316,150,51.3258721716702,2.922502699969586,15.843219227157533,9.467772796003393,521.4888716395944,0.921499740332365,162.7781250875863,12.912246704101562,NVIDIA L20,FP32
test,egobody_recording_20210929_S05_S16_03_extreme_kinect_11_kinect_13_b01076,150,50.47520072199404,2.971756384410752,15.591715533286333,9.620493632004063,523.4143134644255,0.17629764322191477,850.8338356581852,12.840404510498047,NVIDIA L20,FP32
test,egobody_recording_20210929_S05_S16_03_medium_kinect_11_kinect_12_b01076,150,52.59836058598012,2.85179991028051,19.225144534371793,7.802282044320737,492.9825400011614,0.2228719126433134,673.0323180743802,12.91802978515625,NVIDIA L20,FP32
test,egobody_recording_20210929_S05_S16_03_small_kinect_13_kinect_12_b01076,150,46.81693308521062,3.203968951297767,19.32262175809592,7.7629217131030375,492.22935268096626,0.15075597912073135,994.9854120205346,12.856468200683594,NVIDIA L20,FP32
test,egobody_recording_20210929_S05_S16_04_extreme_kinect_13_kinect_11_b02616,150,44.96025581192225,3.3362799497289344,28.994654869660735,5.173367321469867,491.02789878472686,1.106001827865839,135.6236456583826,12.80743408203125,NVIDIA L20,FP32
test,egobody_recording_20210929_S05_S16_04_medium_kinect_12_kinect_11_b02616,150,70.78462080471218,2.1191043802273843,17.54625822789967,8.548831212428553,548.5183245921507,0.15441249310970306,971.4239889477842,12.888538360595703,NVIDIA L20,FP32
test,egobody_recording_20210929_S05_S16_04_small_kinect_12_kinect_13_b02616,150,50.16661145910621,2.990036513075513,18.63286768551916,8.050290622552694,487.81988081429154,0.16186054050922394,926.7237062726351,12.866668701171875,NVIDIA L20,FP32
test,egobody_recording_20211002_S17_S15_01_extreme_kinect_11_kinect_13_b02701,150,51.659208200871944,2.9036449690970714,17.355852015316486,8.642618055721233,499.42686417140067,0.14539200440049171,1031.693597034506,12.846412658691406,NVIDIA L20,FP32
test,egobody_recording_20211002_S17_S15_01_medium_kinect_12_kinect_13_b02701,150,52.33816496934742,2.865977438984527,19.443731741048396,7.7145684788136295,514.7030210169032,0.19215919356793165,780.6027763484153,12.800800323486328,NVIDIA L20,FP32
test,egobody_recording_20211002_S17_S15_01_small_kinect_12_kinect_11_b02701,150,44.633698768913746,3.3606894372928653,27.46190649922937,5.462111671096443,507.644789733924,0.15496345423161983,967.9701626668628,12.877197265625,NVIDIA L20,FP32
test,egobody_recording_20211002_S17_S15_02_extreme_kinect_13_kinect_11_b01321,150,53.71787376049906,2.7923666649349235,19.79607452172786,7.577259816604669,467.738312211819,0.21859818883240223,686.1904977401437,12.850502014160156,NVIDIA L20,FP32
test,egobody_recording_20211002_S17_S15_02_medium_kinect_13_kinect_12_b01321,150,51.921959266997874,2.8889510742199884,19.97180938255042,7.510586403406022,504.9329923391342,0.1281036613509059,1170.9267199562307,12.847442626953125,NVIDIA L20,FP32
test,egobody_recording_20211002_S17_S15_02_small_kinect_12_kinect_11_b01321,150,51.95423565711826,2.8871563233064035,16.56573912873864,9.054832919575341,490.82266520615667,0.24536050390452147,611.3453372200864,12.911842346191406,NVIDIA L20,FP32
test,egobody_recording_20211002_S17_S15_03_extreme_kinect_13_kinect_11_b02531,150,51.1346298661083,2.93343279090437,20.337725325487554,7.3754560846594615,519.7797613553703,0.19559395220130682,766.8948774327073,12.844589233398438,NVIDIA L20,FP32
test,egobody_recording_20211002_S17_S15_03_medium_kinect_13_kinect_12_b02531,150,46.675209873355925,3.213697386835447,29.252956608310342,5.127686818411619,492.931031126529,1.8082483485341072,82.9532072414724,12.905647277832031,NVIDIA L20,FP32
test,egobody_recording_20211002_S17_S15_03_small_kinect_11_kinect_12_b02531,150,50.33472721464932,2.980049923789878,22.56192417535931,6.648369121097411,481.06793831381947,0.15666892006993294,957.4330373442536,12.855609893798828,NVIDIA L20,FP32
test,egobody_recording_20211004_S12_S20_01_extreme_kinect_11_kinect_13_b02556,150,51.702483627945185,2.9012145930824302,26.22933657001704,5.718787419559295,499.42147193383425,0.2133606979623437,703.0348205294758,12.8843994140625,NVIDIA L20,FP32
test,egobody_recording_20211004_S12_S20_01_medium_kinect_13_kinect_12_b02556,150,49.77418549917638,3.0136103382843316,18.541621667332947,8.089907274090994,484.9436250058934,0.19708270393311977,761.1017963854538,12.846881866455078,NVIDIA L20,FP32
test,egobody_recording_20211004_S12_S20_01_small_kinect_11_kinect_12_b02556,150,45.02415608800948,3.331544953486579,22.149729534052312,6.772091721002489,510.4270718274638,1.2393779829144478,121.02845303679584,12.852851867675781,NVIDIA L20,FP32
test,egobody_recording_20211004_S12_S20_02_extreme_kinect_13_kinect_11_b01776,150,44.64747278299183,3.359652644374119,28.08068908844143,5.341749254356546,533.3653760710731,0.20196249056607485,742.7121718472044,12.865184783935547,NVIDIA L20,FP32
test,egobody_recording_20211004_S12_S20_02_medium_kinect_13_kinect_12_b01776,150,49.34457738138735,3.0398476987783387,19.316091152839363,7.765546290557383,469.06321434583515,0.6976695777848363,215.00149178965708,12.880470275878906,NVIDIA L20,FP32
test,egobody_recording_20211004_S12_S20_02_small_kinect_12_kinect_11_b01776,150,53.60907012410462,2.7980339829202605,23.48550565354526,6.3869180511920005,532.0334694255143,0.1879482315853238,798.0921061867174,12.889091491699219,NVIDIA L20,FP32
test,egobody_recording_20211004_S12_S20_03_extreme_kinect_11_kinect_13_b01986,150,43.71609797794372,3.4312303004646063,25.084810997359455,5.979714179061971,458.6700893417001,0.23576432187110186,636.2285811930809,12.88528823852539,NVIDIA L20,FP32
test,egobody_recording_20211004_S12_S20_03_medium_kinect_13_kinect_12_b01986,150,52.7476167390123,2.8437303763348902,19.769878734834492,7.587299953221274,492.64309297688305,0.1946296812966466,770.6943720026759,12.900497436523438,NVIDIA L20,FP32
test,egobody_recording_20211004_S12_S20_03_small_kinect_11_kinect_12_b01986,150,46.902002460323274,3.1981576933072833,15.94393851608038,9.407964026499247,496.12972347903997,0.3647221140563488,411.2720183915838,12.865684509277344,NVIDIA L20,FP32
test,egobody_recording_20211004_S12_S20_04_extreme_kinect_13_kinect_11_b03381,150,49.68054380547255,3.0192906218445374,29.331066249869764,5.114031611471541,442.4203000096604,0.19672169722616673,762.4985048169252,12.864742279052734,NVIDIA L20,FP32
test,egobody_recording_20211004_S12_S20_04_medium_kinect_13_kinect_12_b03381,150,69.01566148456186,2.173419724935239,21.10748340189457,7.106484328043402,556.1086740428582,0.23477092012763023,638.9206973268001,12.913143157958984,NVIDIA L20,FP32
test,egobody_recording_20211004_S12_S20_04_small_kinect_11_kinect_12_b03381,150,42.83352861832827,3.501929559354951,22.532717150636017,6.656986771600514,428.45905099622905,0.19534675497561693,767.8653275746655,12.90224838256836,NVIDIA L20,FP32
test,egobody_recording_20211004_S20_S12_01_extreme_kinect_13_kinect_11_b02766,150,49.593488262966275,3.024590631831233,14.698901317082345,10.204844346133362,386.42253800015897,0.2278409767895937,658.353919095606,12.888557434082031,NVIDIA L20,FP32
test,egobody_recording_20211004_S20_S12_01_medium_kinect_12_kinect_13_b02766,150,51.652803184464574,2.904005024941511,19.124724655412138,7.843250174979709,435.7898925775662,0.18934802990406752,792.1920290166048,12.823143005371094,NVIDIA L20,FP32
test,egobody_recording_20211004_S20_S12_01_small_kinect_12_kinect_11_b02766,150,49.819826315157115,3.01084951703985,19.117135100066662,7.846363966924989,448.57505544275045,0.22895553428679705,655.1490465921876,12.919708251953125,NVIDIA L20,FP32
test,egobody_recording_20211004_S20_S12_02_extreme_kinect_13_kinect_11_b01446,150,47.40817500464618,3.1640112698980594,18.49151362106204,8.111829192238126,563.4467431027442,0.17439758218824863,860.1036672520303,12.901420593261719,NVIDIA L20,FP32
test,egobody_recording_20211004_S20_S12_02_medium_kinect_12_kinect_13_b01446,150,46.250233775004745,3.243226850046005,18.786277909763157,7.984551315619874,544.8127523986623,0.1870294213294983,802.0128540938922,12.950042724609375,NVIDIA L20,FP32
test,egobody_recording_20211004_S20_S12_02_small_kinect_12_kinect_11_b01446,150,46.637118394486606,3.2163222163771774,23.799770172685385,6.302581869977576,507.4177938718349,0.11925931740552187,1257.763361917874,12.896652221679688,NVIDIA L20,FP32
test,egobody_recording_20211004_S20_S12_03_extreme_kinect_11_kinect_13_b01396,150,49.64119458477944,3.0216839311516432,21.89194967597723,6.851833766299948,539.2312217494473,0.21775195840746164,688.8571799630712,12.850444793701172,NVIDIA L20,FP32
test,egobody_recording_20211004_S20_S12_03_medium_kinect_13_kinect_12_b01396,150,51.355411272495985,2.920821706676397,23.097443275153637,6.494225279096491,544.3110863119364,0.2071760045364499,724.0220716468613,12.855674743652344,NVIDIA L20,FP32
test,egobody_recording_20211004_S20_S12_03_small_kinect_12_kinect_11_b01396,150,49.11825942900032,3.0538541418965113,26.140180561691523,5.738292420972227,525.1635396135971,0.21373981144279242,701.7878372188402,12.833610534667969,NVIDIA L20,FP32
test,egobody_recording_20211004_S20_S12_04_extreme_kinect_13_kinect_11_b03056,150,72.21975732315332,2.0769939634221215,26.327580736018717,5.69744715642578,578.4981994088739,0.21088768541812897,711.2790853699855,12.88827133178711,NVIDIA L20,FP32
test,egobody_recording_20211004_S20_S12_04_medium_kinect_12_kinect_13_b03056,150,51.10666772350669,2.9350377686825193,23.50496914703399,6.381629308325554,516.0450231395662,2.8474995801225305,52.67779530051603,12.853618621826172,NVIDIA L20,FP32
test,egobody_recording_20211004_S20_S12_04_small_kinect_12_kinect_11_b03056,150,44.52724086493254,3.3687243378722935,29.346656502224505,5.111314809870414,477.0187055375427,0.15893664583563805,943.7722761251691,12.859119415283203,NVIDIA L20,FP32
test,egobody_recording_20220225_S24_S25_01_extreme_kinect_14_kinect_15_b02966,150,44.135401701554656,3.3986322592984646,26.523484303615987,5.655365572748309,450.29713015444577,0.8114362303167582,184.85741010288007,12.845542907714844,NVIDIA L20,FP32
test,egobody_recording_20220225_S24_S25_01_medium_kinect_15_kinect_12_b02966,150,45.600889816880226,3.289409496225971,22.986527227796614,6.525561626316979,450.7866822248325,0.19977826159447432,750.8324419424664,12.857807159423828,NVIDIA L20,FP32
test,egobody_recording_20220225_S24_S25_01_small_kinect_13_kinect_14_b02966,150,49.81556932721287,3.0111068090926976,20.14574007038027,7.445742845681846,438.1670450642705,0.21634053252637386,693.3513486739414,12.84756088256836,NVIDIA L20,FP32
test,egobody_recording_20220225_S24_S25_02_extreme_kinect_14_kinect_15_b03501,150,71.92050124891102,2.0856361871125197,22.93574391119182,6.540010238203147,526.8086629388854,0.16932208091020584,885.8856399216317,12.736724853515625,NVIDIA L20,FP32
test,egobody_recording_20220225_S24_S25_02_medium_kinect_12_kinect_15_b03501,150,44.582964359782636,3.364513826167016,22.622592042200267,6.630539936369336,474.3275242494419,0.2518482180312276,595.5968288066305,12.704788208007812,NVIDIA L20,FP32
test,egobody_recording_20220225_S24_S25_02_small_kinect_13_kinect_14_b03501,150,44.1796917039901,3.3952251411128045,23.043522173538804,6.509421557623126,472.73401537165046,0.1995129380375147,751.8309412685572,12.828983306884766,NVIDIA L20,FP32
test,egobody_recording_20220225_S25_S24_01_extreme_kinect_15_kinect_14_b03341,150,41.95628281403333,3.575149892683742,27.8408966595307,5.387757507754367,453.0854170313105,0.22547057271003723,665.2752871342774,12.85687255859375,NVIDIA L20,FP32
test,egobody_recording_20220225_S25_S24_01_medium_kinect_15_kinect_12_b03341,150,41.65530215483159,3.6009821617054705,23.649877999909222,6.342527432935416,449.33250709809363,0.21654418390244246,692.6992787189243,12.814075469970703,NVIDIA L20,FP32
test,egobody_recording_20220225_S25_S24_01_small_kinect_13_kinect_14_b03341,150,44.70437293872237,3.355376446183677,18.037761189974844,8.315887898735907,456.10091046243906,1.2670788308605552,118.38253180989955,12.844898223876953,NVIDIA L20,FP32
test,egobody_recording_20220225_S27_S26_01_extreme_kinect_15_kinect_14_b02876,150,45.52784809842706,3.294686796435309,18.079681169241667,8.296606483038527,441.07300620991737,0.16286509949713945,921.0076343129277,12.842060089111328,NVIDIA L20,FP32
test,egobody_recording_20220225_S27_S26_01_medium_kinect_15_kinect_12_b02876,150,68.65152258332819,2.184947898539792,16.79916765447706,8.929013810992252,535.127771907486,0.24282950907945633,617.7173464981081,12.893882751464844,NVIDIA L20,FP32
test,egobody_recording_20220225_S27_S26_01_small_kinect_14_kinect_13_b02876,150,42.747536988928914,3.5089740968900305,23.61560139991343,6.351733223298301,481.34258129727095,0.16251135617494583,923.01241913533,12.816181182861328,NVIDIA L20,FP32
test,egobody_recording_20220225_S27_S26_02_extreme_kinect_15_kinect_14_b03911,150,42.73997861612588,3.5095946431616767,24.310547798871994,6.170161250210906,466.82115740235895,1.674247003160417,89.5925151526927,12.875617980957031,NVIDIA L20,FP32
test,egobody_recording_20220225_S27_S26_02_medium_kinect_12_kinect_15_b03911,150,46.04016460571438,3.258024841670145,20.875510577112436,7.185452995073448,420.3274025246501,3.726702030748129,40.25006527551326,12.838382720947266,NVIDIA L20,FP32
test,egobody_recording_20220225_S27_S26_02_small_kinect_14_kinect_13_b03911,150,45.78710168786347,3.2760317746812015,17.83597752545029,8.409967986669857,420.1644276017323,2.7768585179001093,54.017876327898634,12.800670623779297,NVIDIA L20,FP32
test,egobody_recording_20220225_S27_S26_03_extreme_kinect_14_kinect_15_b02455,150,71.08691837172955,2.1100928755360604,26.107102871872485,5.7455628353772035,541.5537953851745,0.19880178570747375,754.5203855498412,12.698982238769531,NVIDIA L20,FP32
test,egobody_recording_20220225_S27_S26_03_medium_kinect_15_kinect_12_b02455,150,51.199318604543805,2.9297264902796556,18.702832677401602,8.020175477549083,486.1318738060072,0.23445530328899622,639.7807935916287,12.794914245605469,NVIDIA L20,FP32
test,egobody_recording_20220225_S27_S26_03_small_kinect_14_kinect_13_b02455,150,50.49208328407258,2.9707627462326673,18.772786872461438,7.990289402371103,489.4543979726732,0.16267407685518265,922.0891422886912,12.858734130859375,NVIDIA L20,FP32
test,egobody_recording_20220225_S27_S26_04_extreme_kinect_15_kinect_14_b03731,150,45.90825482644141,3.267386237335376,23.469633515924215,6.391237421676165,480.25867408607155,0.9841100815683603,152.42197271360885,12.778656005859375,NVIDIA L20,FP32
test,egobody_recording_20220225_S27_S26_04_medium_kinect_15_kinect_12_b03731,150,44.716718554496765,3.3544500770375922,25.876580586656928,5.796747352211846,466.7854205779731,0.19802190363407135,757.4919604711407,12.772933959960938,NVIDIA L20,FP32
test,egobody_recording_20220225_S27_S26_04_small_kinect_14_kinect_13_b03731,150,67.95452127885073,2.207358644827714,19.447094042785466,7.713234669919612,536.1751875849441,0.2485372181981802,603.5313386359384,12.83780288696289,NVIDIA L20,FP32
test,egobody_recording_20220312_S29_S28_01_extreme_kinect_15_kinect_14_b03231,150,48.3044498115778,3.1053039747913127,17.5362033220008,8.553732940117717,482.5784436883405,0.23033788800239563,651.2172239698574,12.829414367675781,NVIDIA L20,FP32
test,egobody_recording_20220312_S29_S28_01_medium_kinect_12_kinect_15_b03231,150,48.32717097830027,3.1038440066635093,16.991844253614545,8.827764529920973,479.71474773436785,0.22347745671868324,671.2086409181854,12.877277374267578,NVIDIA L20,FP32
test,egobody_recording_20220312_S29_S28_01_small_kinect_11_kinect_15_b03231,150,47.73613375984132,3.1422737491612605,20.785633019171655,7.216523060021665,466.9055809956044,0.17782170418649912,843.5415726455992,12.906929016113281,NVIDIA L20,FP32
test,egobody_recording_20220312_S29_S28_02_extreme_kinect_14_kinect_15_b01761,150,46.60846475511789,3.218299525378147,21.27563394419849,7.05031870699686,477.4868211261928,0.20250147581100464,740.7353422944707,12.847465515136719,NVIDIA L20,FP32
test,egobody_recording_20220312_S29_S28_02_medium_kinect_15_kinect_12_b01761,150,65.05011969339103,2.3059142812805575,21.830120341852307,6.871240178755348,546.3384306710213,0.17829727660864592,841.2915937535204,12.811054229736328,NVIDIA L20,FP32
test,egobody_recording_20220312_S29_S28_02_small_kinect_11_kinect_15_b01761,150,49.24846681486815,3.045780096340276,14.249443244189024,10.526727074839963,459.37245208770037,0.17204748652875423,871.852318371013,12.851814270019531,NVIDIA L20,FP32
test,egobody_recording_20220312_S29_S28_03_extreme_kinect_15_kinect_14_b03281,150,48.54951020795852,3.089629521646773,14.729429890401661,10.183693538454365,452.3908683443442,0.18016030360013247,832.5918473856841,12.856689453125,NVIDIA L20,FP32
test,egobody_recording_20220312_S29_S28_03_medium_kinect_15_kinect_12_b03281,150,46.050819422118366,3.2572710297518506,19.774594094604254,7.58549072018269,446.4646507622674,0.16110877972096205,931.0479556719238,12.844257354736328,NVIDIA L20,FP32
test,egobody_recording_20220312_S29_S28_03_small_kinect_11_kinect_15_b03281,150,46.772500212304294,3.2070126531431384,22.434200308285654,6.686220054146538,433.6543143391609,0.1640752675011754,914.2145692307064,12.850509643554688,NVIDIA L20,FP32
test,egobody_recording_20220312_S29_S28_04_extreme_kinect_14_kinect_15_b04816,150,69.47636356763542,2.1590076437143204,16.59252323023975,9.0402163624292,517.6608252590522,0.2971880007535219,504.7310107395794,12.805034637451172,NVIDIA L20,FP32
test,egobody_recording_20220312_S29_S28_04_medium_kinect_12_kinect_15_b04816,150,49.23666454665363,3.0465101846586142,16.692480448633432,8.986082114134216,476.965991910547,0.19421814940869808,772.3274084151182,12.832710266113281,NVIDIA L20,FP32
test,egobody_recording_20220312_S29_S28_04_small_kinect_15_kinect_11_b04816,150,49.55555657763034,3.0269057671670034,17.277531558647752,8.681795746738022,491.2685595517978,0.20636681281030178,726.8610585069424,12.819026947021484,NVIDIA L20,FP32
test,egobody_recording_20220312_S29_S28_05_extreme_kinect_15_kinect_14_b02786,150,48.03066800162196,3.1230046601670125,16.895079377107322,8.87832466790589,516.0097730886191,0.19184855837374926,781.8667039852231,12.806961059570312,NVIDIA L20,FP32
test,egobody_recording_20220312_S29_S28_05_medium_kinect_15_kinect_12_b02786,150,47.55249530542642,3.154408596994969,17.097681385464966,8.7731193849195,509.03263614326715,0.2039188826456666,735.5866119600258,12.759220123291016,NVIDIA L20,FP32
test,egobody_recording_20220312_S29_S28_05_small_kinect_11_kinect_15_b02786,150,69.58768459968269,2.1555538291424052,15.673519141972065,9.570282119879224,550.0677985213697,0.18772380892187357,799.046220410042,12.744789123535156,NVIDIA L20,FP32
test,egobody_recording_20220318_S31_S32_01_extreme_kinect_14_kinect_11_b03185,150,49.212355204857886,3.048015064013703,15.461728815920651,9.70137309907724,460.69346842356026,0.18871710821986198,794.8404965237428,12.862659454345703,NVIDIA L20,FP32
test,egobody_recording_20220318_S31_S32_01_medium_kinect_14_kinect_13_b03185,150,50.333748979493976,2.98010784098578,17.400909175164998,8.620239235205231,489.28887932840735,0.189217671751976,792.7377956358008,12.804706573486328,NVIDIA L20,FP32
test,egobody_recording_20220318_S31_S32_01_small_kinect_11_kinect_12_b03185,150,45.49987892340869,3.2967120693331844,25.637915179133415,5.850709737977616,489.0293026827276,0.19599046930670738,765.3433380235625,12.835548400878906,NVIDIA L20,FP32
test,egobody_recording_20220318_S32_S31_01_extreme_kinect_11_kinect_14_b03251,150,45.971486896276474,3.2628920691305607,26.214430297724903,5.722039285096278,493.78271176852286,0.19174699671566486,782.2808313521068,12.79666519165039,NVIDIA L20,FP32
test,egobody_recording_20220318_S32_S31_01_medium_kinect_13_kinect_14_b03251,150,43.95682284608483,3.412439532429953,16.151313821785152,9.287170174210694,410.2464877869934,0.2273617684841156,659.7415255875774,12.760887145996094,NVIDIA L20,FP32
test,egobody_recording_20220318_S32_S31_01_small_kinect_11_kinect_12_b03251,150,48.369137432426214,3.1011510223757144,15.867574486881495,9.453240640150288,410.889939410612,0.19665207620710135,762.7684532658055,12.831539154052734,NVIDIA L20,FP32
test,egobody_recording_20220318_S32_S31_02_extreme_kinect_14_kinect_11_b03001,150,68.74865885544568,2.1818607445913583,16.41769731696695,9.136482242548214,535.01253747195,0.19544021878391504,767.4981174977337,12.828693389892578,NVIDIA L20,FP32
test,egobody_recording_20220318_S32_S31_02_medium_kinect_13_kinect_14_b03001,150,43.98449708055705,3.410292488402832,15.61185126658529,9.608085385815286,458.61781410779804,0.22394465375691652,669.8083543571411,12.794013977050781,NVIDIA L20,FP32
test,egobody_recording_20220318_S32_S31_02_small_kinect_11_kinect_12_b03001,150,43.83462672960013,3.421952259917609,17.062579529359937,8.791167815035932,470.6539828144014,0.19763784017413855,758.9639710079564,12.83798599243164,NVIDIA L20,FP32
test,egobody_recording_20220318_S33_S34_01_extreme_kinect_14_kinect_11_b03921,150,42.81842814292759,3.5031645603453994,22.56436034105718,6.647651328589456,481.8549615619704,0.18891751486808062,793.9973173199088,12.812324523925781,NVIDIA L20,FP32
test,egobody_recording_20220318_S33_S34_01_medium_kinect_13_kinect_14_b03921,150,43.13880980759859,3.4771473916180824,23.50823116954416,6.380743787917608,456.7172063123435,0.2492460124194622,601.8150442766616,12.853683471679688,NVIDIA L20,FP32
test,egobody_recording_20220318_S33_S34_01_small_kinect_12_kinect_11_b03921,150,47.47905218414962,3.1592880038594346,16.87346998695284,8.889694894765881,438.49666980747133,0.19288678653538227,777.6582455143172,12.869522094726562,NVIDIA L20,FP32
test,egobody_recording_20220318_S33_S34_02_extreme_kinect_11_kinect_14_b03381,150,45.66162540204823,3.285034176494109,14.800658969208598,10.134683888876916,444.2130670901388,0.16615452617406845,902.7740829813779,12.83993911743164,NVIDIA L20,FP32
test,egobody_recording_20220318_S33_S34_02_medium_kinect_14_kinect_13_b03381,150,71.2008486976847,2.106716461160352,23.14137871656567,6.481895561936552,565.3945509819314,0.1573692373931408,953.1723129932254,12.780826568603516,NVIDIA L20,FP32
test,egobody_recording_20220318_S33_S34_02_small_kinect_12_kinect_11_b03381,150,54.66942697484046,2.74376389694064,16.954345203004777,8.847289482664058,497.1790221389383,0.15890511311590672,943.9595558551268,12.83163833618164,NVIDIA L20,FP32
test,egobody_recording_20220318_S34_S33_01_extreme_kinect_11_kinect_14_b02656,150,54.1822256995365,2.7684355536041254,15.626363066025078,9.599162605285347,504.4512361166999,0.15548934694379568,964.696314881431,12.842662811279297,NVIDIA L20,FP32
test,egobody_recording_20220318_S34_S33_01_medium_kinect_14_kinect_13_b02656,150,47.66557445283979,3.146925254166603,24.524697623215616,6.116283360737818,497.04043721035123,0.15814589522778988,948.4912636141664,12.872486114501953,NVIDIA L20,FP32
test,egobody_recording_20220318_S34_S33_01_small_kinect_12_kinect_11_b02656,150,44.63838377967477,3.3603367169467195,26.11713889427483,5.743354990269691,482.3531025983393,0.14773978758603334,1015.2986033816413,12.863765716552734,NVIDIA L20,FP32
test,egobody_recording_20220318_S34_S33_02_extreme_kinect_11_kinect_14_b04321,150,68.50904113333672,2.189492036650466,18.794771920889616,7.980942819172026,583.1025021970272,0.15754085686057806,952.1339606064753,12.841960906982422,NVIDIA L20,FP32
test,egobody_recording_20220318_S34_S33_02_medium_kinect_13_kinect_14_b04321,150,45.65861636772752,3.2852506697076174,17.00362334307283,8.821649184619762,459.5084217544645,0.176472507417202,849.9907560410085,12.854366302490234,NVIDIA L20,FP32
test,egobody_recording_20220318_S34_S33_02_small_kinect_12_kinect_11_b04321,150,46.17203724849969,3.248719548429154,15.21496838517487,9.858712565328542,453.26405489537865,0.15534360613673925,965.6013770400334,12.914230346679688,NVIDIA L20,FP32
test,egobody_recording_20220318_S34_S33_03_extreme_kinect_11_kinect_14_b03186,150,47.531863677315414,3.1557777960973894,20.605108696967363,7.279748056950402,445.7415780890733,0.22569798957556486,664.6049452282747,12.862457275390625,NVIDIA L20,FP32
test,egobody_recording_20220318_S34_S33_03_medium_kinect_14_kinect_13_b03186,150,47.12242603767663,3.1831977385898558,20.864355005323887,7.189294850558524,448.2433406151831,0.22793235071003437,658.0899970220703,12.872528076171875,NVIDIA L20,FP32
test,egobody_recording_20220318_S34_S33_03_small_kinect_11_kinect_12_b03186,150,67.09910419303924,2.2354992932314106,21.8173422915861,6.875264548507715,557.2095874994993,0.18508978839963675,810.4174806020492,12.807868957519531,NVIDIA L20,FP32
test,egobody_recording_20220415_S35_S36_01_extreme_kinect_14_kinect_13_b02261,150,47.88863662537187,3.1322670798384875,16.378780304454267,9.158191099199675,459.9267561333254,0.1545728873461485,970.4159802882634,12.874874114990234,NVIDIA L20,FP32
test,egobody_recording_20220415_S35_S36_01_medium_kinect_15_kinect_13_b02261,150,46.01588276028633,3.2597440492754473,16.607215356081724,9.03221863411728,450.97844082675874,0.14622632134705782,1025.8071092685539,12.865226745605469,NVIDIA L20,FP32
test,egobody_recording_20220415_S35_S36_01_small_kinect_11_kinect_12_b02261,150,47.1719415448606,3.179856395296974,22.903473959304392,6.549224814826113,457.33041849639267,0.17455837037414312,859.3114135890163,12.911663055419922,NVIDIA L20,FP32
test,egobody_recording_20220415_S35_S36_02_extreme_kinect_13_kinect_14_b02241,150,47.37913595698774,3.165950517463524,23.581747822463512,6.360851669235176,463.033070509322,0.17129621841013432,875.676073834013,12.841102600097656,NVIDIA L20,FP32
test,egobody_recording_20220415_S35_S36_02_medium_kinect_13_kinect_15_b02241,150,64.88834203686565,2.3116633171915386,16.820059792138636,8.917923114049039,426.42924366518855,0.2065475881099701,726.2248926389641,12.850982666015625,NVIDIA L20,FP32
test,egobody_recording_20220415_S35_S36_02_small_kinect_11_kinect_12_b02241,150,41.539555397816,3.6110160198750334,16.924974808469415,8.862642438022336,348.88224494084716,0.16631638538092375,901.8955026977443,12.898914337158203,NVIDIA L20,FP32
