split,case_id,evaluation_boundary,proposal_boundary,signed_error_frames,absolute_error_frames,status,exact,boundary_label_positive,positive_frame_count,off_boundary_positive_count,tp,fp,fn,frame_count,evaluated_pair_count,brier,detector_seconds
development,egobody_recording_20210907_S02_S01_01_extreme_kinect_11_kinect_13_b02196,75,75,0,0,exact,True,True,1,0,1,0,0,150,149,6.511689751009232e-05,17.716027857735753
development,egobody_recording_20210907_S02_S01_01_medium_kinect_12_kinect_13_b02196,75,75,0,0,exact,True,True,1,0,1,0,0,150,149,3.559908713805324e-05,17.50801524054259
development,egobody_recording_20210907_S02_S01_01_small_kinect_12_kinect_11_b02196,75,75,0,0,exact,True,True,1,0,1,0,0,150,149,3.116367839093885e-05,17.64035573322326
development,egobody_recording_20210907_S04_S03_01_extreme_kinect_11_kinect_13_b02471,75,75,0,0,exact,True,True,1,0,1,0,0,150,149,4.15717169360156e-05,17.720311868935823
development,egobody_recording_20210907_S04_S03_01_medium_kinect_12_kinect_13_b02471,75,75,0,0,exact,True,True,1,0,1,0,0,150,149,5.766574272903407e-05,18.00807594601065
development,egobody_recording_20210907_S04_S03_01_small_kinect_12_kinect_11_b02471,75,75,0,0,exact,True,True,1,0,1,0,0,150,149,4.2954830883916644e-05,17.39455894101411
development,egobody_recording_20210907_S04_S03_02_extreme_kinect_13_kinect_11_b02176,75,75,0,0,exact,True,True,1,0,1,0,0,150,149,3.5242946715118543e-05,15.915776366367936
development,egobody_recording_20210907_S04_S03_02_medium_kinect_12_kinect_13_b02176,75,75,0,0,exact,True,True,1,0,1,0,0,150,149,4.85015709974383e-05,16.993707913905382
development,egobody_recording_20210907_S04_S03_02_small_kinect_11_kinect_12_b02176,75,75,0,0,exact,True,True,1,0,1,0,0,150,149,4.478688361538755e-05,17.07803592365235
development,egobody_recording_20210910_S05_S06_01_extreme_kinect_11_kinect_13_b02971,75,75,0,0,exact,True,True,1,0,1,0,0,150,149,5.884097561836176e-05,17.35236309096217
development,egobody_recording_20210910_S05_S06_01_medium_kinect_12_kinect_11_b02971,75,75,0,0,exact,True,True,1,0,1,0,0,150,149,2.891665526689611e-05,20.276345607824624
development,egobody_recording_20210910_S05_S06_01_small_kinect_12_kinect_13_b02971,75,75,0,0,exact,True,True,1,0,1,0,0,150,149,3.3190652384254046e-05,17.618669606745243
development,egobody_recording_20210910_S06_S05_01_extreme_kinect_13_kinect_11_b01411,75,75,0,0,exact,True,True,1,0,1,0,0,150,149,3.6644596667233176e-05,17.21311183925718
development,egobody_recording_20210910_S06_S05_01_medium_kinect_12_kinect_11_b01411,75,75,0,0,exact,True,True,1,0,1,0,0,150,149,2.6776267611873656e-05,16.26816400513053
development,egobody_recording_20210910_S06_S05_01_small_kinect_13_kinect_12_b01411,75,75,0,0,exact,True,True,1,0,1,0,0,150,149,3.274335613799409e-05,16.77150233089924
development,egobody_recording_20210910_S06_S05_02_extreme_kinect_11_kinect_13_b02726,75,75,0,0,exact,True,True,1,0,1,0,0,150,149,2.668875560491367e-05,18.10390604007989
development,egobody_recording_20210910_S06_S05_02_medium_kinect_12_kinect_11_b02726,75,75,0,0,exact,True,True,1,0,1,0,0,150,149,2.3413451016421578e-05,18.84380525164306
development,egobody_recording_20210910_S06_S05_02_small_kinect_13_kinect_12_b02726,75,75,0,0,exact,True,True,1,0,1,0,0,150,149,2.6151779167031934e-05,18.824364201165736
development,egobody_recording_20210910_S06_S05_03_extreme_kinect_13_kinect_11_b02716,75,75,0,0,exact,True,True,1,0,1,0,0,150,149,2.278421935134333e-05,17.710517961531878
development,egobody_recording_20210910_S06_S05_03_medium_kinect_12_kinect_11_b02716,75,75,0,0,exact,True,True,1,0,1,0,0,150,149,2.1693930292825407e-05,17.193486186675727
development,egobody_recording_20210910_S06_S05_03_small_kinect_12_kinect_13_b02716,75,75,0,0,exact,True,True,1,0,1,0,0,150,149,2.2479399703831488e-05,18.00239443127066
development,egobody_recording_20210911_S06_S07_01_extreme_kinect_13_kinect_11_b03451,75,75,0,0,exact,True,True,1,0,1,0,0,150,149,2.5485330512566765e-05,18.11427429318428
development,egobody_recording_20210911_S06_S07_01_medium_kinect_12_kinect_11_b03451,75,75,0,0,exact,True,True,1,0,1,0,0,150,149,2.2724736375688055e-05,18.2132804999128
development,egobody_recording_20210911_S06_S07_01_small_kinect_13_kinect_12_b03451,75,75,0,0,exact,True,True,1,0,1,0,0,150,149,2.6107659895152776e-05,16.043579743243754
development,egobody_recording_20210911_S06_S07_02_extreme_kinect_11_kinect_13_b02246,75,75,0,0,exact,True,True,1,0,1,0,0,150,149,2.4822978669464893e-05,16.488812059164047
development,egobody_recording_20210911_S06_S07_02_medium_kinect_12_kinect_11_b02246,75,75,0,0,exact,True,True,1,0,1,0,0,150,149,3.147824918281283e-05,18.564772507175803
development,egobody_recording_20210911_S06_S07_02_small_kinect_13_kinect_12_b02246,75,75,0,0,exact,True,True,1,0,1,0,0,150,149,2.801660378117185e-05,17.44296887796372
development,egobody_recording_20210911_S07_S06_01_extreme_kinect_11_kinect_13_b02166,75,75,0,0,exact,True,True,1,0,1,0,0,150,149,2.3309293500867226e-05,16.96854855492711
development,egobody_recording_20210911_S07_S06_01_medium_kinect_11_kinect_12_b02166,75,75,0,0,exact,True,True,1,0,1,0,0,150,149,2.2394081199078626e-05,17.20309653133154
development,egobody_recording_20210911_S07_S06_01_small_kinect_13_kinect_12_b02166,75,75,0,0,exact,True,True,1,0,1,0,0,150,149,2.4408437313107483e-05,16.984261431731284
development,egobody_recording_20210911_S07_S06_02_extreme_kinect_11_kinect_13_b01351,75,75,0,0,exact,True,True,1,0,1,0,0,150,149,3.1707576428888074e-05,18.25495696812868
development,egobody_recording_20210911_S07_S06_02_medium_kinect_11_kinect_12_b01351,75,75,0,0,exact,True,True,1,0,1,0,0,150,149,3.263806932676276e-05,16.947547087445855
development,egobody_recording_20210911_S07_S06_02_small_kinect_12_kinect_13_b01351,75,75,0,0,exact,True,True,1,0,1,0,0,150,149,4.2061306717313016e-05,17.037297156639397
development,egobody_recording_20210911_S07_S06_03_extreme_kinect_11_kinect_13_b02231,75,75,0,0,exact,True,True,1,0,1,0,0,150,149,3.3604542077066156e-05,17.285380812361836
development,egobody_recording_20210911_S07_S06_03_medium_kinect_11_kinect_12_b02231,75,75,0,0,exact,True,True,1,0,1,0,0,150,149,3.853343026824459e-05,17.35422284435481
development,egobody_recording_20210911_S07_S06_03_small_kinect_13_kinect_12_b02231,75,75,0,0,exact,True,True,1,0,1,0,0,150,149,4.3425514234542343e-05,18.34782553743571
development,egobody_recording_20210911_S08_S03_01_extreme_kinect_11_kinect_13_b02986,75,75,0,0,exact,True,True,1,0,1,0,0,150,149,4.4402787390499365e-05,16.758712959475815
development,egobody_recording_20210911_S08_S03_01_medium_kinect_12_kinect_11_b02986,75,75,0,0,exact,True,True,1,0,1,0,0,150,149,3.148329456851868e-05,16.86856236960739
development,egobody_recording_20210911_S08_S03_01_small_kinect_12_kinect_13_b02986,75,75,0,0,exact,True,True,1,0,1,0,0,150,149,2.6250661362451892e-05,17.156163305975497
development,egobody_recording_20210911_S08_S03_02_extreme_kinect_13_kinect_11_b02326,75,75,0,0,exact,True,True,1,0,1,0,0,150,149,3.8907603238471286e-05,18.00013282429427
development,egobody_recording_20210911_S08_S03_02_medium_kinect_12_kinect_11_b02326,75,75,0,0,exact,True,True,1,0,1,0,0,150,149,3.373579030758031e-05,20.73095392715186
development,egobody_recording_20210911_S08_S03_02_small_kinect_13_kinect_12_b02326,75,75,0,0,exact,True,True,1,0,1,0,0,150,149,2.7227189974516833e-05,17.606203081086278
development,egobody_recording_20210911_S08_S03_03_extreme_kinect_11_kinect_13_b03066,75,75,0,0,exact,True,True,1,0,1,0,0,150,149,4.054340710732887e-05,17.95333542022854
development,egobody_recording_20210911_S08_S03_03_medium_kinect_12_kinect_11_b03066,75,75,0,0,exact,True,True,1,0,1,0,0,150,149,3.974650326669817e-05,17.87743119057268
development,egobody_recording_20210911_S08_S03_03_small_kinect_12_kinect_13_b03066,75,75,0,0,exact,True,True,1,0,1,0,0,150,149,2.8468606025533558e-05,17.70861573982984
development,egobody_recording_20210918_S05_S06_01_extreme_kinect_13_kinect_11_b02931,75,75,0,0,exact,True,True,1,0,1,0,0,150,149,2.5401553033659215e-05,17.250527740456164
development,egobody_recording_20210918_S05_S06_01_medium_kinect_12_kinect_13_b02931,75,75,0,0,exact,True,True,1,0,1,0,0,150,149,2.2982510710430934e-05,16.42697714176029
development,egobody_recording_20210918_S05_S06_01_small_kinect_12_kinect_11_b02931,75,75,0,0,exact,True,True,1,0,1,0,0,150,149,2.1009275097073534e-05,15.965057007968426
development,egobody_recording_20210918_S05_S06_02_extreme_kinect_11_kinect_13_b02371,75,75,0,0,exact,True,True,1,0,1,0,0,150,149,2.753906254473993e-05,16.12257649935782
development,egobody_recording_20210918_S05_S06_02_medium_kinect_13_kinect_12_b02371,75,75,0,0,exact,True,True,1,0,1,0,0,150,149,2.353767837543312e-05,15.922008258290589
development,egobody_recording_20210918_S05_S06_02_small_kinect_11_kinect_12_b02371,75,75,0,0,exact,True,True,1,0,1,0,0,150,149,2.1324279194199865e-05,19.646758323535323
development,egobody_recording_20210918_S05_S06_03_extreme_kinect_13_kinect_11_b01956,75,75,0,0,exact,True,True,1,0,1,0,0,150,149,2.7811916719668368e-05,16.27197856735438
development,egobody_recording_20210918_S05_S06_03_medium_kinect_12_kinect_13_b01956,75,75,0,0,exact,True,True,1,0,1,0,0,150,149,3.155724026846456e-05,15.267136695794761
development,egobody_recording_20210918_S05_S06_03_small_kinect_12_kinect_11_b01956,75,75,0,0,exact,True,True,1,0,1,0,0,150,149,2.2232242268356885e-05,17.20696178264916
development,egobody_recording_20210918_S05_S06_04_extreme_kinect_13_kinect_11_b03651,75,75,0,0,exact,True,True,1,0,1,0,0,150,149,2.827663868560751e-05,16.297939013689756
development,egobody_recording_20210918_S05_S06_04_medium_kinect_13_kinect_12_b03651,75,75,0,0,exact,True,True,1,0,1,0,0,150,149,2.6703569545065686e-05,18.49514164123684
development,egobody_recording_20210918_S05_S06_04_small_kinect_11_kinect_12_b03651,75,75,0,0,exact,True,True,1,0,1,0,0,150,149,2.1811083794504974e-05,17.261755500920117
development,egobody_recording_20210918_S05_S06_05_extreme_kinect_13_kinect_11_b02446,75,75,0,0,exact,True,True,1,0,1,0,0,150,149,3.26715680181006e-05,17.80569957382977
development,egobody_recording_20210918_S05_S06_05_medium_kinect_13_kinect_12_b02446,75,75,0,0,exact,True,True,1,0,1,0,0,150,149,2.7734625504908858e-05,17.730174428783357
development,egobody_recording_20210918_S05_S06_05_small_kinect_12_kinect_11_b02446,75,75,0,0,exact,True,True,1,0,1,0,0,150,149,2.2348954210989222e-05,17.745512494817376
development,egobody_recording_20210918_S05_S09_01_extreme_kinect_13_kinect_11_b02171,75,75,0,0,exact,True,True,1,0,1,0,0,150,149,2.8290766029193804e-05,17.620612691156566
development,egobody_recording_20210918_S05_S09_01_medium_kinect_13_kinect_12_b02171,75,75,0,0,exact,True,True,1,0,1,0,0,150,149,2.3718034479789472e-05,15.896739012561738
development,egobody_recording_20210918_S05_S09_01_small_kinect_11_kinect_12_b02171,75,75,0,0,exact,True,True,1,0,1,0,0,150,149,2.105449850831909e-05,17.925672103650868
development,egobody_recording_20210918_S06_S05_01_extreme_kinect_13_kinect_11_b02456,75,75,0,0,exact,True,True,1,0,1,0,0,150,149,2.994924745163225e-05,16.045313054695725
development,egobody_recording_20210918_S06_S05_01_medium_kinect_13_kinect_12_b02456,75,75,0,0,exact,True,True,1,0,1,0,0,150,149,2.4896353401777088e-05,16.21024922002107
development,egobody_recording_20210918_S06_S05_01_small_kinect_11_kinect_12_b02456,75,75,0,0,exact,True,True,1,0,1,0,0,150,149,2.1470610375714225e-05,24.455740165896714
development,egobody_recording_20210918_S06_S05_02_extreme_kinect_11_kinect_13_b03571,75,75,0,0,exact,True,True,1,0,1,0,0,150,149,2.881698371322917e-05,17.471662192605436
development,egobody_recording_20210918_S06_S05_02_medium_kinect_12_kinect_13_b03571,75,75,0,0,exact,True,True,1,0,1,0,0,150,149,2.3847141704637828e-05,17.196881513111293
development,egobody_recording_20210918_S06_S05_02_small_kinect_12_kinect_11_b03571,75,75,0,0,exact,True,True,1,0,1,0,0,150,149,2.120523210373446e-05,18.213064049370587
development,egobody_recording_20210918_S06_S05_03_extreme_kinect_13_kinect_11_b01166,75,75,0,0,exact,True,True,1,0,1,0,0,150,149,2.4080173884527033e-05,17.21740808337927
development,egobody_recording_20210918_S06_S05_03_medium_kinect_12_kinect_13_b01166,75,75,0,0,exact,True,True,1,0,1,0,0,150,149,2.2701734549030157e-05,17.105670928023756
development,egobody_recording_20210918_S06_S05_03_small_kinect_12_kinect_11_b01166,75,75,0,0,exact,True,True,1,0,1,0,0,150,149,2.0946738185894006e-05,18.322395283728838
development,egobody_recording_20210918_S09_S05_01_extreme_kinect_13_kinect_11_b02021,75,75,0,0,exact,True,True,1,0,1,0,0,150,149,2.9201035450504085e-05,19.417684514075518
development,egobody_recording_20210918_S09_S05_01_medium_kinect_12_kinect_13_b02021,75,75,0,0,exact,True,True,1,0,1,0,0,150,149,2.342726356569567e-05,17.855264080688357
development,egobody_recording_20210918_S09_S05_01_small_kinect_12_kinect_11_b02021,75,75,0,0,exact,True,True,1,0,1,0,0,150,149,2.1480310098948114e-05,17.517917584627867
development,egobody_recording_20210918_S09_S05_02_extreme_kinect_13_kinect_11_b03726,75,75,0,0,exact,True,True,1,0,1,0,0,150,149,2.4255932183591484e-05,18.35553670208901
development,egobody_recording_20210918_S09_S05_02_medium_kinect_13_kinect_12_b03726,75,75,0,0,exact,True,True,1,0,1,0,0,150,149,2.3640724206812524e-05,18.062793309800327
development,egobody_recording_20210918_S09_S05_02_small_kinect_11_kinect_12_b03726,75,75,0,0,exact,True,True,1,0,1,0,0,150,149,2.131779157587789e-05,25.054838051088154
development,egobody_recording_20210918_S09_S05_03_extreme_kinect_13_kinect_11_b02121,75,75,0,0,exact,True,True,1,0,1,0,0,150,149,2.5570280206308583e-05,17.31808820553124
development,egobody_recording_20210918_S09_S05_03_medium_kinect_13_kinect_12_b02121,75,75,0,0,exact,True,True,1,0,1,0,0,150,149,2.475358351234253e-05,17.33555230498314
development,egobody_recording_20210918_S09_S05_03_small_kinect_11_kinect_12_b02121,75,75,0,0,exact,True,True,1,0,1,0,0,150,149,2.1250123396653777e-05,17.399105741642416
development,egobody_recording_20210921_S10_S11_01_extreme_kinect_13_kinect_11_b02266,75,75,0,0,exact,True,True,1,0,1,0,0,150,149,2.143454848263464e-05,14.936402234248817
development,egobody_recording_20210921_S10_S11_01_medium_kinect_12_kinect_11_b02266,75,75,0,0,exact,True,True,1,0,1,0,0,150,149,2.07739073857133e-05,14.693020194768906
development,egobody_recording_20210921_S10_S11_01_small_kinect_13_kinect_12_b02266,75,75,0,0,exact,True,True,1,0,1,0,0,150,149,2.1784263715971115e-05,15.808459500782192
development,egobody_recording_20210921_S10_S11_02_extreme_kinect_13_kinect_11_b02411,75,75,0,0,exact,True,True,1,0,1,0,0,150,149,2.3730218800670515e-05,16.476592247374356
development,egobody_recording_20210921_S10_S11_02_medium_kinect_12_kinect_11_b02411,75,75,0,0,exact,True,True,1,0,1,0,0,150,149,2.3285168034859564e-05,16.336013599298894
development,egobody_recording_20210921_S10_S11_02_small_kinect_13_kinect_12_b02411,75,75,0,0,exact,True,True,1,0,1,0,0,150,149,2.505380010407315e-05,16.05304552987218
development,egobody_recording_20210923_S05_S13_01_extreme_kinect_13_kinect_11_b02761,75,75,0,0,exact,True,True,1,0,1,0,0,150,149,0.0004548714751169224,17.764113669283688
development,egobody_recording_20210923_S05_S13_01_medium_kinect_12_kinect_11_b02761,75,75,0,0,exact,True,True,1,0,1,0,0,150,149,0.00016444153088165809,17.98503892030567
development,egobody_recording_20210923_S05_S13_01_small_kinect_12_kinect_13_b02761,75,75,0,0,exact,True,True,1,0,1,0,0,150,149,0.00010050795151313177,16.096961583010852
development,egobody_recording_20210923_S05_S13_02_extreme_kinect_13_kinect_11_b04071,75,75,0,0,exact,True,True,1,0,1,0,0,150,149,0.00046804596473789384,15.104179779998958
development,egobody_recording_20210923_S05_S13_02_medium_kinect_12_kinect_11_b04071,75,75,0,0,exact,True,True,1,0,1,0,0,150,149,0.0005933231418077008,15.853542687371373
development,egobody_recording_20210923_S05_S13_02_small_kinect_13_kinect_12_b04071,75,75,0,0,exact,True,True,1,0,1,0,0,150,149,0.00033622196218489176,18.35366151574999
development,egobody_recording_20210923_S13_S05_01_extreme_kinect_11_kinect_13_b02401,75,75,0,0,exact,True,True,1,0,1,0,0,150,149,0.0003391154491845393,24.51588329579681
development,egobody_recording_20210923_S13_S05_01_medium_kinect_11_kinect_12_b02401,75,75,0,0,exact,True,True,1,0,1,0,0,150,149,0.0001539595672713035,17.37492122966796
development,egobody_recording_20210923_S13_S05_01_small_kinect_13_kinect_12_b02401,75,75,0,0,exact,True,True,1,0,1,0,0,150,149,0.00014245216809690009,17.838700434193015
development,egobody_recording_20210923_S14_S03_01_extreme_kinect_13_kinect_11_b02046,75,75,0,0,exact,True,True,1,0,1,0,0,150,149,0.00043476056764586187,20.535831884481013
development,egobody_recording_20210923_S14_S03_01_medium_kinect_12_kinect_11_b02046,75,75,0,0,exact,True,True,1,0,1,0,0,150,149,0.000264085660861282,18.058399344794452
development,egobody_recording_20210923_S14_S03_01_small_kinect_12_kinect_13_b02046,75,75,0,0,exact,True,True,1,0,1,0,0,150,149,0.0003979046562529087,18.949147164821625
development,egobody_recording_20210923_S14_S03_02_extreme_kinect_11_kinect_13_b01601,75,75,0,0,exact,True,True,1,0,1,0,0,150,149,0.0005709283432625167,17.452296030707657
development,egobody_recording_20210923_S14_S03_02_medium_kinect_12_kinect_11_b01601,75,75,0,0,exact,True,True,1,0,1,0,0,150,149,0.0005901329527990245,17.024279596284032
development,egobody_recording_20210923_S14_S03_02_small_kinect_13_kinect_12_b01601,75,75,0,0,exact,True,True,1,0,1,0,0,150,149,0.0002826714366904061,21.335975993424654
development,egobody_recording_20210923_S14_S03_03_extreme_kinect_13_kinect_11_b02456,75,75,0,0,exact,True,True,1,0,1,0,0,150,149,0.0005869015366231506,22.583625624887645
development,egobody_recording_20210923_S14_S03_03_medium_kinect_12_kinect_11_b02456,75,75,0,0,exact,True,True,1,0,1,0,0,150,149,0.00042873769611829414,15.776899396441877
development,egobody_recording_20210923_S14_S03_03_small_kinect_13_kinect_12_b02456,75,75,0,0,exact,True,True,1,0,1,0,0,150,149,0.0002858621468128286,17.684961516410112
development,egobody_recording_20210929_S15_S11_01_extreme_kinect_11_kinect_13_b02726,75,75,0,0,exact,True,True,1,0,1,0,0,150,149,2.517966533271475e-05,15.873770739883184
development,egobody_recording_20210929_S15_S11_01_medium_kinect_12_kinect_11_b02726,75,75,0,0,exact,True,True,1,0,1,0,0,150,149,2.2014888498101423e-05,15.525910448282957
development,egobody_recording_20210929_S15_S11_01_small_kinect_13_kinect_12_b02726,75,75,0,0,exact,True,True,1,0,1,0,0,150,149,2.1106883664660787e-05,16.43645211495459
development,egobody_recording_20210929_S15_S11_02_extreme_kinect_11_kinect_13_b04466,75,75,0,0,exact,True,True,1,0,1,0,0,150,149,2.4339839309679667e-05,15.107040047645569
development,egobody_recording_20210929_S15_S11_02_medium_kinect_11_kinect_12_b04466,75,75,0,0,exact,True,True,1,0,1,0,0,150,149,2.1686031331719092e-05,17.038193196989596
development,egobody_recording_20210929_S15_S11_02_small_kinect_12_kinect_13_b04466,75,75,0,0,exact,True,True,1,0,1,0,0,150,149,2.1080648409600004e-05,15.981578069739044
development,egobody_recording_20210929_S15_S11_03_extreme_kinect_13_kinect_11_b01946,75,75,0,0,exact,True,True,1,0,1,0,0,150,149,2.3820710707327657e-05,16.89440601784736
development,egobody_recording_20210929_S15_S11_03_medium_kinect_12_kinect_11_b01946,75,75,0,0,exact,True,True,1,0,1,0,0,150,149,2.1518637810715524e-05,16.472916995175183
development,egobody_recording_20210929_S15_S11_03_small_kinect_12_kinect_13_b01946,75,75,0,0,exact,True,True,1,0,1,0,0,150,149,2.1668352055588448e-05,18.109680488705635
development,egobody_recording_20210929_S16_S05_01_extreme_kinect_13_kinect_11_b03136,75,75,0,0,exact,True,True,1,0,1,0,0,150,149,2.2431797301188883e-05,15.760282851755619
development,egobody_recording_20210929_S16_S05_01_medium_kinect_11_kinect_12_b03136,75,75,0,0,exact,True,True,1,0,1,0,0,150,149,2.117403427429077e-05,16.694354590028524
development,egobody_recording_20210929_S16_S05_01_small_kinect_13_kinect_12_b03136,75,75,0,0,exact,True,True,1,0,1,0,0,150,149,2.1342235526806984e-05,16.726404606364667
development,egobody_recording_20211002_S15_S17_01_extreme_kinect_11_kinect_13_b03246,75,75,0,0,exact,True,True,1,0,1,0,0,150,149,0.0005343191393658263,18.523447297513485
development,egobody_recording_20211002_S15_S17_01_medium_kinect_12_kinect_13_b03246,75,75,0,0,exact,True,True,1,0,1,0,0,150,149,0.00030735089478043374,18.471542490646243
development,egobody_recording_20211002_S15_S17_01_small_kinect_11_kinect_12_b03246,75,75,0,0,exact,True,True,1,0,1,0,0,150,149,7.378801844600706e-05,18.00266421865672
development,egobody_recording_20211002_S15_S17_02_extreme_kinect_13_kinect_11_b02431,75,75,0,0,exact,True,True,1,0,1,0,0,150,149,0.0008294833811234922,18.81619205418974
development,egobody_recording_20211002_S15_S17_02_medium_kinect_12_kinect_13_b02431,75,75,0,0,exact,True,True,1,0,1,0,0,150,149,0.0005539377875637839,19.3017452750355
development,egobody_recording_20211002_S15_S17_02_small_kinect_12_kinect_11_b02431,75,75,0,0,exact,True,True,1,0,1,0,0,150,149,5.856009579468447e-05,17.792961259372532
development,egobody_recording_20211002_S18_S03_01_extreme_kinect_13_kinect_11_b01651,75,75,0,0,exact,True,True,1,0,1,0,0,150,149,0.0003371478723233737,17.812852442264557
development,egobody_recording_20211002_S18_S03_01_medium_kinect_12_kinect_13_b01651,75,75,0,0,exact,True,True,1,0,1,0,0,150,149,0.0002718794193739087,19.416617651470006
development,egobody_recording_20211002_S18_S03_01_small_kinect_12_kinect_11_b01651,75,75,0,0,exact,True,True,1,0,1,0,0,150,149,7.400142260999539e-05,15.359464376233518
development,egobody_recording_20211002_S18_S03_02_extreme_kinect_13_kinect_11_b02781,75,75,0,0,exact,True,True,1,0,1,0,0,150,149,0.00039374155046385475,16.854123765602708
development,egobody_recording_20211002_S18_S03_02_medium_kinect_12_kinect_13_b02781,75,75,0,0,exact,True,True,1,0,1,0,0,150,149,0.00016966298702491493,18.6345780165866
development,egobody_recording_20211002_S18_S03_02_small_kinect_12_kinect_11_b02781,75,75,0,0,exact,True,True,1,0,1,0,0,150,149,5.9136285975836854e-05,16.510449356399477
development,egobody_recording_20211004_S19_S06_01_extreme_kinect_11_kinect_13_b03136,75,75,0,0,exact,True,True,1,0,1,0,0,150,149,0.00012080125032691047,17.377480844035745
development,egobody_recording_20211004_S19_S06_01_medium_kinect_13_kinect_12_b03136,75,75,0,0,exact,True,True,1,0,1,0,0,150,149,2.591565902328751e-05,16.534086466766894
development,egobody_recording_20211004_S19_S06_01_small_kinect_11_kinect_12_b03136,75,75,0,0,exact,True,True,1,0,1,0,0,150,149,3.999156794332061e-05,19.52699873317033
development,egobody_recording_20211004_S19_S06_02_extreme_kinect_13_kinect_11_b02621,75,75,0,0,exact,True,True,1,0,1,0,0,150,149,6.641825699982339e-05,17.727487033233047
development,egobody_recording_20211004_S19_S06_02_medium_kinect_12_kinect_13_b02621,75,75,0,0,exact,True,True,1,0,1,0,0,150,149,2.465447085903522e-05,17.765052441507578
development,egobody_recording_20211004_S19_S06_02_small_kinect_12_kinect_11_b02621,75,75,0,0,exact,True,True,1,0,1,0,0,150,149,3.451324332636023e-05,16.380442339926958
development,egobody_recording_20211004_S19_S06_03_extreme_kinect_11_kinect_13_b03986,75,75,0,0,exact,True,True,1,0,1,0,0,150,149,0.00011371358341913475,18.036162386648357
development,egobody_recording_20211004_S19_S06_03_medium_kinect_13_kinect_12_b03986,75,75,0,0,exact,True,True,1,0,1,0,0,150,149,2.401153764397718e-05,17.4625827614218
development,egobody_recording_20211004_S19_S06_03_small_kinect_11_kinect_12_b03986,75,75,0,0,exact,True,True,1,0,1,0,0,150,149,3.874163024806932e-05,17.88996245339513
development,egobody_recording_20211004_S19_S06_04_extreme_kinect_11_kinect_13_b02011,75,75,0,0,exact,True,True,1,0,1,0,0,150,149,0.0001344876821152755,18.252828488126397
development,egobody_recording_20211004_S19_S06_04_medium_kinect_12_kinect_13_b02011,75,75,0,0,exact,True,True,1,0,1,0,0,150,149,2.478199996404897e-05,17.70522099547088
development,egobody_recording_20211004_S19_S06_04_small_kinect_12_kinect_11_b02011,75,75,0,0,exact,True,True,1,0,1,0,0,150,149,3.6337524039073773e-05,22.04212944302708
development,egobody_recording_20211004_S19_S06_05_extreme_kinect_13_kinect_11_b03406,75,75,0,0,exact,True,True,1,0,1,0,0,150,149,0.0001186858813810157,16.542014027014375
development,egobody_recording_20211004_S19_S06_05_medium_kinect_12_kinect_13_b03406,75,75,0,0,exact,True,True,1,0,1,0,0,150,149,3.1679463345272075e-05,18.84108612779528
development,egobody_recording_20211004_S19_S06_05_small_kinect_11_kinect_12_b03406,75,75,0,0,exact,True,True,1,0,1,0,0,150,149,3.731179131242374e-05,18.421168471686542
development,egobody_recording_20220215_S22_S21_01_extreme_kinect_15_kinect_14_b02706,75,75,0,0,exact,True,True,1,0,1,0,0,150,149,0.00010828402699491606,18.94561818614602
development,egobody_recording_20220215_S22_S21_01_medium_kinect_14_kinect_12_b02706,75,75,0,0,exact,True,True,1,0,1,0,0,150,149,2.7344896370174074e-05,19.21404926199466
development,egobody_recording_20220215_S22_S21_01_small_kinect_11_kinect_12_b02706,75,75,0,0,exact,True,True,1,0,1,0,0,150,149,2.959418244431351e-05,19.391724861226976
development,egobody_recording_20220215_S22_S21_02_extreme_kinect_15_kinect_14_b02681,75,75,0,0,exact,True,True,1,0,1,0,0,150,149,0.00012200231372963744,20.866457919590175
development,egobody_recording_20220215_S22_S21_02_medium_kinect_14_kinect_12_b02681,75,75,0,0,exact,True,True,1,0,1,0,0,150,149,2.76417979922678e-05,20.138631572946906
development,egobody_recording_20220215_S22_S21_02_small_kinect_12_kinect_11_b02681,75,75,0,0,exact,True,True,1,0,1,0,0,150,149,2.6475986804501892e-05,19.476590319536626
development,egobody_recording_20220215_S22_S21_03_extreme_kinect_15_kinect_14_b01686,75,75,0,0,exact,True,True,1,0,1,0,0,150,149,9.814757380811996e-05,20.02728238608688
development,egobody_recording_20220215_S22_S21_03_medium_kinect_14_kinect_12_b01686,75,75,0,0,exact,True,True,1,0,1,0,0,150,149,2.748021494086108e-05,20.616939295083284
development,egobody_recording_20220215_S22_S21_03_small_kinect_11_kinect_12_b01686,75,75,0,0,exact,True,True,1,0,1,0,0,150,149,2.804359171535161e-05,20.383965093642473
development,egobody_recording_20220215_S22_S21_04_extreme_kinect_14_kinect_15_b03046,75,75,0,0,exact,True,True,1,0,1,0,0,150,149,0.00017524303223721244,20.675535213202238
development,egobody_recording_20220215_S22_S21_04_medium_kinect_14_kinect_12_b03046,75,75,0,0,exact,True,True,1,0,1,0,0,150,149,2.6776344495200096e-05,19.564568551257253
development,egobody_recording_20220215_S22_S21_04_small_kinect_11_kinect_12_b03046,75,75,0,0,exact,True,True,1,0,1,0,0,150,149,2.752610265106012e-05,20.19726498425007
development,egobody_recording_20220218_S02_S23_01_extreme_kinect_15_kinect_13_b03091,75,75,0,0,exact,True,True,1,0,1,0,0,150,149,0.0006086437567030496,23.582679049111903
development,egobody_recording_20220218_S02_S23_01_medium_kinect_13_kinect_11_b03091,75,75,0,0,exact,True,True,1,0,1,0,0,150,149,5.5596630425815244e-05,17.6231643082574
development,egobody_recording_20220218_S02_S23_01_small_kinect_12_kinect_11_b03091,75,75,0,0,exact,True,True,1,0,1,0,0,150,149,6.575105779495732e-05,17.265926331281662
development,egobody_recording_20220218_S02_S23_02_extreme_kinect_15_kinect_13_b03751,75,75,0,0,exact,True,True,1,0,1,0,0,150,149,0.0008930208438429891,18.156030481681228
development,egobody_recording_20220218_S02_S23_02_medium_kinect_13_kinect_11_b03751,75,75,0,0,exact,True,True,1,0,1,0,0,150,149,0.00010857727539975536,17.709258097223938
development,egobody_recording_20220218_S02_S23_02_small_kinect_12_kinect_11_b03751,75,75,0,0,exact,True,True,1,0,1,0,0,150,149,5.465395938997273e-05,17.218568024225533
development,egobody_recording_20220225_S26_S27_01_extreme_kinect_14_kinect_15_b03066,75,75,0,0,exact,True,True,1,0,1,0,0,150,149,5.2654345955701804e-05,19.146373994648457
development,egobody_recording_20220225_S26_S27_01_medium_kinect_12_kinect_15_b03066,75,75,0,0,exact,True,True,1,0,1,0,0,150,149,2.991080046228365e-05,19.549700066447258
development,egobody_recording_20220225_S26_S27_01_small_kinect_14_kinect_13_b03066,75,75,0,0,exact,True,True,1,0,1,0,0,150,149,2.75751249572514e-05,17.146115680225194
development,egobody_recording_20220312_S28_S29_01_extreme_kinect_14_kinect_15_b03226,75,75,0,0,exact,True,True,1,0,1,0,0,150,149,9.100743981851768e-05,16.56571572367102
development,egobody_recording_20220312_S28_S29_01_medium_kinect_12_kinect_15_b03226,75,75,0,0,exact,True,True,1,0,1,0,0,150,149,2.7255430792564116e-05,14.299117809161544
development,egobody_recording_20220312_S28_S29_01_small_kinect_15_kinect_11_b03226,75,75,0,0,exact,True,True,1,0,1,0,0,150,149,2.124482315358335e-05,14.896358538419008
development,egobody_recording_20220312_S28_S29_02_extreme_kinect_14_kinect_15_b02676,75,75,0,0,exact,True,True,1,0,1,0,0,150,149,8.121246936228848e-05,19.795709004625678
development,egobody_recording_20220312_S28_S29_02_medium_kinect_12_kinect_15_b02676,75,75,0,0,exact,True,True,1,0,1,0,0,150,149,2.943367667542523e-05,16.094176676124334
development,egobody_recording_20220312_S28_S29_02_small_kinect_11_kinect_15_b02676,75,75,0,0,exact,True,True,1,0,1,0,0,150,149,2.2154506467336194e-05,16.314195782877505
development,egobody_recording_20220312_S28_S29_03_extreme_kinect_15_kinect_14_b01581,75,75,0,0,exact,True,True,1,0,1,0,0,150,149,7.863698783965224e-05,17.3871268350631
development,egobody_recording_20220312_S28_S29_03_medium_kinect_15_kinect_12_b01581,75,75,0,0,exact,True,True,1,0,1,0,0,150,149,2.574742823831059e-05,16.718399353325367
development,egobody_recording_20220312_S28_S29_03_small_kinect_15_kinect_11_b01581,75,75,0,0,exact,True,True,1,0,1,0,0,150,149,2.2444426481864446e-05,20.147605613805354
development,egobody_recording_20220312_S28_S29_04_extreme_kinect_15_kinect_14_b02691,75,75,0,0,exact,True,True,1,0,1,0,0,150,149,8.333295891460411e-05,16.449129256419837
development,egobody_recording_20220312_S28_S29_04_medium_kinect_15_kinect_12_b02691,75,75,0,0,exact,True,True,1,0,1,0,0,150,149,2.4713520875985903e-05,18.022822814062238
development,egobody_recording_20220312_S28_S29_04_small_kinect_15_kinect_11_b02691,75,75,0,0,exact,True,True,1,0,1,0,0,150,149,2.2208850484651358e-05,16.76508995704353
development,egobody_recording_20220312_S28_S29_05_extreme_kinect_14_kinect_15_b03681,75,75,0,0,exact,True,True,1,0,1,0,0,150,149,6.995695764092364e-05,16.728032750077546
development,egobody_recording_20220312_S28_S29_05_medium_kinect_15_kinect_12_b03681,75,75,0,0,exact,True,True,1,0,1,0,0,150,149,2.573195856356234e-05,22.040081121958792
development,egobody_recording_20220312_S28_S29_05_small_kinect_15_kinect_11_b03681,75,75,0,0,exact,True,True,1,0,1,0,0,150,149,2.4180960829496074e-05,17.034095283597708
development,egobody_recording_20220312_S28_S29_06_extreme_kinect_15_kinect_14_b03326,75,75,0,0,exact,True,True,1,0,1,0,0,150,149,6.412427458298623e-05,17.28608997259289
development,egobody_recording_20220312_S28_S29_06_medium_kinect_12_kinect_15_b03326,75,75,0,0,exact,True,True,1,0,1,0,0,150,149,2.664396753874897e-05,16.082488850690424
development,egobody_recording_20220312_S28_S29_06_small_kinect_11_kinect_15_b03326,75,75,0,0,exact,True,True,1,0,1,0,0,150,149,2.2742769588180282e-05,17.87879776954651
development,egobody_recording_20220315_S30_S21_01_extreme_kinect_11_kinect_14_b02671,75,75,0,0,exact,True,True,1,0,1,0,0,150,149,8.235937064298995e-05,18.299816615879536
development,egobody_recording_20220315_S30_S21_01_medium_kinect_13_kinect_11_b02671,75,75,0,0,exact,True,True,1,0,1,0,0,150,149,8.771187378731961e-05,17.354924940504134
development,egobody_recording_20220315_S30_S21_01_small_kinect_11_kinect_12_b02671,75,75,0,0,exact,True,True,1,0,1,0,0,150,149,3.4772114255147164e-05,17.81241006590426
development,egobody_recording_20220315_S30_S21_02_extreme_kinect_11_kinect_14_b02581,75,75,0,0,exact,True,True,1,0,1,0,0,150,149,0.00011306929399289069,17.81441730260849
development,egobody_recording_20220315_S30_S21_02_medium_kinect_13_kinect_11_b02581,75,75,0,0,exact,True,True,1,0,1,0,0,150,149,3.567605949732782e-05,19.358179609291255
development,egobody_recording_20220315_S30_S21_02_small_kinect_11_kinect_12_b02581,75,75,0,0,exact,True,True,1,0,1,0,0,150,149,3.636355028894774e-05,17.328223092481494
development,egobody_recording_20220415_S36_S35_01_extreme_kinect_14_kinect_13_b02676,75,75,0,0,exact,True,True,1,0,1,0,0,150,149,7.069115263672576e-05,17.82852049637586
development,egobody_recording_20220415_S36_S35_01_medium_kinect_15_kinect_13_b02676,75,75,0,0,exact,True,True,1,0,1,0,0,150,149,4.292157528561745e-05,17.602148570120335
development,egobody_recording_20220415_S36_S35_01_small_kinect_11_kinect_12_b02676,75,75,0,0,exact,True,True,1,0,1,0,0,150,149,2.121450537363345e-05,17.148559547960758
development,egobody_recording_20220415_S36_S35_02_extreme_kinect_14_kinect_13_b02901,75,75,0,0,exact,True,True,1,0,1,0,0,150,149,7.193827186879572e-05,18.71455126348883
development,egobody_recording_20220415_S36_S35_02_medium_kinect_13_kinect_15_b02901,75,75,0,0,exact,True,True,1,0,1,0,0,150,149,2.9515377736642524e-05,19.643346372060478
development,egobody_recording_20220415_S36_S35_02_small_kinect_12_kinect_11_b02901,75,75,0,0,exact,True,True,1,0,1,0,0,150,149,2.1962519983310706e-05,17.544428300112486
holdout,egobody_recording_20210921_S11_S10_01_extreme_kinect_11_kinect_13_b01526,75,75,0,0,exact,True,True,1,0,1,0,0,150,149,2.1483353667659897e-05,15.857954271137714
holdout,egobody_recording_20210921_S11_S10_01_medium_kinect_12_kinect_11_b01526,75,75,0,0,exact,True,True,1,0,1,0,0,150,149,2.1062672684414518e-05,15.42460730113089
holdout,egobody_recording_20210921_S11_S10_01_small_kinect_13_kinect_12_b01526,75,75,0,0,exact,True,True,1,0,1,0,0,150,149,2.2158676106791986e-05,16.20570193603635
holdout,egobody_recording_20210921_S11_S10_02_extreme_kinect_11_kinect_13_b02981,75,75,0,0,exact,True,True,1,0,1,0,0,150,149,2.3811735613978073e-05,15.426670032553375
holdout,egobody_recording_20210921_S11_S10_02_medium_kinect_12_kinect_11_b02981,75,75,0,0,exact,True,True,1,0,1,0,0,150,149,2.1912755547864463e-05,15.871632602065802
holdout,egobody_recording_20210921_S11_S10_02_small_kinect_12_kinect_13_b02981,75,75,0,0,exact,True,True,1,0,1,0,0,150,149,2.445717156154412e-05,16.897207990288734
holdout,egobody_recording_20210923_S03_S14_01_extreme_kinect_13_kinect_11_b02231,75,75,0,0,exact,True,True,1,0,1,0,0,150,149,0.0003233409085085504,17.723299093544483
holdout,egobody_recording_20210923_S03_S14_01_medium_kinect_11_kinect_12_b02231,75,75,0,0,exact,True,True,1,0,1,0,0,150,149,0.0003935629795069184,17.284706911072135
holdout,egobody_recording_20210923_S03_S14_01_small_kinect_12_kinect_13_b02231,75,75,0,0,exact,True,True,1,0,1,0,0,150,149,0.00031864756489301645,17.74851938150823
holdout,egobody_recording_20211002_S03_S18_01_extreme_kinect_13_kinect_11_b02871,75,75,0,0,exact,True,True,1,0,1,0,0,150,149,8.113022192529482e-05,17.92883760947734
holdout,egobody_recording_20211002_S03_S18_01_medium_kinect_12_kinect_13_b02871,75,75,0,0,exact,True,True,1,0,1,0,0,150,149,6.119483998080342e-05,18.540275829844177
holdout,egobody_recording_20211002_S03_S18_01_small_kinect_12_kinect_11_b02871,75,75,0,0,exact,True,True,1,0,1,0,0,150,149,2.501187242094991e-05,17.726548838429153
holdout,egobody_recording_20211002_S03_S18_02_extreme_kinect_11_kinect_13_b04461,75,75,0,0,exact,True,True,1,0,1,0,0,150,149,8.129467505558692e-05,17.838897528126836
holdout,egobody_recording_20211002_S03_S18_02_medium_kinect_13_kinect_12_b04461,75,75,0,0,exact,True,True,1,0,1,0,0,150,149,5.581275753122864e-05,17.604012723080814
holdout,egobody_recording_20211002_S03_S18_02_small_kinect_12_kinect_11_b04461,75,75,0,0,exact,True,True,1,0,1,0,0,150,149,2.4712760464646996e-05,18.2199754556641
holdout,egobody_recording_20211002_S03_S18_03_extreme_kinect_11_kinect_13_b02681,75,75,0,0,exact,True,True,1,0,1,0,0,150,149,0.0002331313503720945,20.855950408615172
holdout,egobody_recording_20211002_S03_S18_03_medium_kinect_12_kinect_13_b02681,75,75,0,0,exact,True,True,1,0,1,0,0,150,149,0.0002889701113296334,17.144906845875084
holdout,egobody_recording_20211002_S03_S18_03_small_kinect_11_kinect_12_b02681,75,75,0,0,exact,True,True,1,0,1,0,0,150,149,4.687117068973575e-05,18.21157148387283
holdout,egobody_recording_20211002_S03_S18_04_extreme_kinect_11_kinect_13_b04526,75,75,0,0,exact,True,True,1,0,1,0,0,150,149,0.0002470281548868897,17.85335503425449
holdout,egobody_recording_20211002_S03_S18_04_medium_kinect_12_kinect_13_b04526,75,75,0,0,exact,True,True,1,0,1,0,0,150,149,0.00021835717537891037,18.38628041371703
holdout,egobody_recording_20211002_S03_S18_04_small_kinect_11_kinect_12_b04526,75,75,0,0,exact,True,True,1,0,1,0,0,150,149,5.299430383462085e-05,22.89965765643865
holdout,egobody_recording_20220215_S21_S22_02_extreme_kinect_15_kinect_14_b03131,75,75,0,0,exact,True,True,1,0,1,0,0,150,149,0.00013491428532079656,19.754877080209553
holdout,egobody_recording_20220215_S21_S22_02_medium_kinect_14_kinect_12_b03131,75,75,0,0,exact,True,True,1,0,1,0,0,150,149,3.0860551180418065e-05,18.00025155581534
holdout,egobody_recording_20220215_S21_S22_02_small_kinect_12_kinect_11_b03131,75,75,0,0,exact,True,True,1,0,1,0,0,150,149,2.822036465645982e-05,19.326213627122343
holdout,egobody_recording_20220218_S23_S02_01_extreme_kinect_13_kinect_15_b02751,75,75,0,0,exact,True,True,1,0,1,0,0,150,149,0.00013725667960644202,16.911014013923705
holdout,egobody_recording_20220218_S23_S02_01_medium_kinect_13_kinect_11_b02751,75,75,0,0,exact,True,True,1,0,1,0,0,150,149,3.823608595683677e-05,25.93342364579439
holdout,egobody_recording_20220218_S23_S02_01_small_kinect_12_kinect_11_b02751,75,75,0,0,exact,True,True,1,0,1,0,0,150,149,2.7229884555449368e-05,28.909794819541276
holdout,egobody_recording_20220218_S23_S02_02_extreme_kinect_13_kinect_15_b02501,75,75,0,0,exact,True,True,1,0,1,0,0,150,149,0.0009585437034324131,19.1504878224805
holdout,egobody_recording_20220218_S23_S02_02_medium_kinect_11_kinect_13_b02501,75,75,0,0,exact,True,True,1,0,1,0,0,150,149,8.73661500916223e-05,22.72906616795808
holdout,egobody_recording_20220218_S23_S02_02_small_kinect_11_kinect_12_b02501,75,75,0,0,exact,True,True,1,0,1,0,0,150,149,0.00015317995273606862,21.507074493914843
holdout,egobody_recording_20220315_S21_S30_01_extreme_kinect_14_kinect_11_b03631,75,75,0,0,exact,True,True,1,0,1,0,0,150,149,0.00010018207941282631,17.933267147280276
holdout,egobody_recording_20220315_S21_S30_01_medium_kinect_13_kinect_11_b03631,75,75,0,0,exact,True,True,1,0,1,0,0,150,149,2.8084639144164352e-05,26.10620237607509
holdout,egobody_recording_20220315_S21_S30_01_small_kinect_12_kinect_11_b03631,75,75,0,0,exact,True,True,1,0,1,0,0,150,149,2.230959530791739e-05,18.356100963428617
holdout,egobody_recording_20220315_S21_S30_02_extreme_kinect_11_kinect_14_b02196,75,75,0,0,exact,True,True,1,0,1,0,0,150,149,9.681839605287205e-05,25.949945277534425
holdout,egobody_recording_20220315_S21_S30_02_medium_kinect_13_kinect_11_b02196,75,75,0,0,exact,True,True,1,0,1,0,0,150,149,3.219440811553238e-05,22.963641814887524
holdout,egobody_recording_20220315_S21_S30_02_small_kinect_12_kinect_11_b02196,75,75,0,0,exact,True,True,1,0,1,0,0,150,149,2.7397519138927774e-05,20.757922855205834
holdout,egobody_recording_20220315_S21_S30_03_extreme_kinect_11_kinect_14_b03631,75,75,0,0,exact,True,True,1,0,1,0,0,150,149,0.00010145697448774295,29.923908416181803
holdout,egobody_recording_20220315_S21_S30_03_medium_kinect_13_kinect_11_b03631,75,75,0,0,exact,True,True,1,0,1,0,0,150,149,3.6785458535782235e-05,24.656804924830794
holdout,egobody_recording_20220315_S21_S30_03_small_kinect_12_kinect_11_b03631,75,75,0,0,exact,True,True,1,0,1,0,0,150,149,3.319659436818788e-05,20.431284623220563
holdout,egobody_recording_20220315_S21_S30_04_extreme_kinect_14_kinect_11_b04401,75,75,0,0,exact,True,True,1,0,1,0,0,150,149,0.00010169660134647199,20.994326219893992
holdout,egobody_recording_20220315_S21_S30_04_medium_kinect_11_kinect_13_b04401,75,75,0,0,exact,True,True,1,0,1,0,0,150,149,3.292754326441041e-05,20.17326055560261
holdout,egobody_recording_20220315_S21_S30_04_small_kinect_12_kinect_11_b04401,75,75,0,0,exact,True,True,1,0,1,0,0,150,149,3.2125605487977324e-05,18.311048139818013
holdout,egobody_recording_20220315_S21_S30_05_extreme_kinect_11_kinect_14_b02151,75,75,0,0,exact,True,True,1,0,1,0,0,150,149,0.00011077299960253485,25.29796970821917
holdout,egobody_recording_20220315_S21_S30_05_medium_kinect_13_kinect_11_b02151,75,75,0,0,exact,True,True,1,0,1,0,0,150,149,5.7799737560167204e-05,20.13143688160926
holdout,egobody_recording_20220315_S21_S30_05_small_kinect_11_kinect_12_b02151,75,75,0,0,exact,True,True,1,0,1,0,0,150,149,4.022354061715227e-05,23.576380290091038
holdout,egobody_recording_20220315_S21_S30_06_extreme_kinect_11_kinect_14_b03586,75,75,0,0,exact,True,True,1,0,1,0,0,150,149,7.383138802216662e-05,22.402543179690838
holdout,egobody_recording_20220315_S21_S30_06_medium_kinect_11_kinect_13_b03586,75,75,0,0,exact,True,True,1,0,1,0,0,150,149,3.7226230469708976e-05,19.338738373480737
holdout,egobody_recording_20220315_S21_S30_06_small_kinect_11_kinect_12_b03586,75,75,0,0,exact,True,True,1,0,1,0,0,150,149,4.5100934353808515e-05,24.3737336313352
test,egobody_recording_20210907_S03_S04_01_extreme_kinect_13_kinect_11_b01801,75,75,0,0,exact,True,True,1,0,1,0,0,150,149,3.4844323435207125e-05,15.850770493969321
test,egobody_recording_20210907_S03_S04_01_medium_kinect_12_kinect_13_b01801,75,75,0,0,exact,True,True,1,0,1,0,0,150,149,5.338458785757757e-05,15.599599961191416
test,egobody_recording_20210907_S03_S04_01_small_kinect_11_kinect_12_b01801,75,75,0,0,exact,True,True,1,0,1,0,0,150,149,4.594034840163133e-05,15.993372408673167
test,egobody_recording_20210911_S03_S08_01_extreme_kinect_13_kinect_11_b02141,75,75,0,0,exact,True,True,1,0,1,0,0,150,149,7.554006336235391e-05,15.778277343139052
test,egobody_recording_20210911_S03_S08_01_medium_kinect_11_kinect_12_b02141,75,75,0,0,exact,True,True,1,0,1,0,0,150,149,4.405440771195669e-05,16.111557786352932
test,egobody_recording_20210911_S03_S08_01_small_kinect_13_kinect_12_b02141,75,75,0,0,exact,True,True,1,0,1,0,0,150,149,0.00010592089466468865,20.538350126706064
test,egobody_recording_20210911_S03_S08_02_extreme_kinect_11_kinect_13_b03471,75,75,0,0,exact,True,True,1,0,1,0,0,150,149,7.320759029847149e-05,18.104584806598723
test,egobody_recording_20210911_S03_S08_02_medium_kinect_12_kinect_11_b03471,75,75,0,0,exact,True,True,1,0,1,0,0,150,149,5.253724308919146e-05,19.592965753749013
test,egobody_recording_20210911_S03_S08_02_small_kinect_13_kinect_12_b03471,75,75,0,0,exact,True,True,1,0,1,0,0,150,149,7.928785049461243e-05,19.545491751283407
test,egobody_recording_20210921_S05_S12_01_extreme_kinect_11_kinect_13_b02281,75,75,0,0,exact,True,True,1,0,1,0,0,150,149,2.183748308463897e-05,17.604246811009943
test,egobody_recording_20210921_S05_S12_01_medium_kinect_12_kinect_11_b02281,75,75,0,0,exact,True,True,1,0,1,0,0,150,149,2.1276847087198913e-05,25.17183897085488
test,egobody_recording_20210921_S05_S12_01_small_kinect_13_kinect_12_b02281,75,75,0,0,exact,True,True,1,0,1,0,0,150,149,2.276021654041485e-05,25.556268729269505
test,egobody_recording_20210921_S05_S12_02_extreme_kinect_13_kinect_11_b01916,75,75,0,0,exact,True,True,1,0,1,0,0,150,149,2.1647563938218048e-05,14.127067900262773
test,egobody_recording_20210921_S05_S12_02_medium_kinect_12_kinect_11_b01916,75,75,0,0,exact,True,True,1,0,1,0,0,150,149,2.2286331455715833e-05,16.487063240259886
test,egobody_recording_20210921_S05_S12_02_small_kinect_13_kinect_12_b01916,75,75,0,0,exact,True,True,1,0,1,0,0,150,149,2.2366703610283144e-05,17.582429879345
test,egobody_recording_20210921_S05_S12_03_extreme_kinect_11_kinect_13_b03356,75,75,0,0,exact,True,True,1,0,1,0,0,150,149,2.1399147328139898e-05,21.945564955472946
test,egobody_recording_20210921_S05_S12_03_medium_kinect_11_kinect_12_b03356,75,75,0,0,exact,True,True,1,0,1,0,0,150,149,2.194385821416383e-05,22.884203627705574
test,egobody_recording_20210921_S05_S12_03_small_kinect_12_kinect_13_b03356,75,75,0,0,exact,True,True,1,0,1,0,0,150,149,2.1672745030440666e-05,21.3224320076406
test,egobody_recording_20210929_S05_S16_01_extreme_kinect_11_kinect_13_b02576,75,75,0,0,exact,True,True,1,0,1,0,0,150,149,2.3864593377842447e-05,19.135649174451828
test,egobody_recording_20210929_S05_S16_01_medium_kinect_11_kinect_12_b02576,75,75,0,0,exact,True,True,1,0,1,0,0,150,149,2.1272160123332642e-05,18.90550557617098
test,egobody_recording_20210929_S05_S16_01_small_kinect_12_kinect_13_b02576,75,75,0,0,exact,True,True,1,0,1,0,0,150,149,2.1364769281208987e-05,15.98588689044118
test,egobody_recording_20210929_S05_S16_02_extreme_kinect_13_kinect_11_b02316,75,75,0,0,exact,True,True,1,0,1,0,0,150,149,2.211005104269154e-05,22.355192120186985
test,egobody_recording_20210929_S05_S16_02_medium_kinect_11_kinect_12_b02316,75,75,0,0,exact,True,True,1,0,1,0,0,150,149,2.0915935128889717e-05,35.87578815501183
test,egobody_recording_20210929_S05_S16_02_small_kinect_12_kinect_13_b02316,75,75,0,0,exact,True,True,1,0,1,0,0,150,149,2.1337577269189226e-05,15.843219227157533
test,egobody_recording_20210929_S05_S16_03_extreme_kinect_11_kinect_13_b01076,75,75,0,0,exact,True,True,1,0,1,0,0,150,149,2.4011819753082392e-05,15.591715533286333
test,egobody_recording_20210929_S05_S16_03_medium_kinect_11_kinect_12_b01076,75,75,0,0,exact,True,True,1,0,1,0,0,150,149,2.1014143150846587e-05,19.225144534371793
test,egobody_recording_20210929_S05_S16_03_small_kinect_13_kinect_12_b01076,75,75,0,0,exact,True,True,1,0,1,0,0,150,149,2.1268904748276624e-05,19.32262175809592
test,egobody_recording_20210929_S05_S16_04_extreme_kinect_13_kinect_11_b02616,75,75,0,0,exact,True,True,1,0,1,0,0,150,149,2.2430175619853082e-05,28.994654869660735
test,egobody_recording_20210929_S05_S16_04_medium_kinect_12_kinect_11_b02616,75,75,0,0,exact,True,True,1,0,1,0,0,150,149,2.1069341708820603e-05,17.54625822789967
test,egobody_recording_20210929_S05_S16_04_small_kinect_12_kinect_13_b02616,75,75,0,0,exact,True,True,1,0,1,0,0,150,149,2.1489038818164853e-05,18.63286768551916
test,egobody_recording_20211002_S17_S15_01_extreme_kinect_11_kinect_13_b02701,75,75,0,0,exact,True,True,1,0,1,0,0,150,149,0.0005382680311173228,17.355852015316486
test,egobody_recording_20211002_S17_S15_01_medium_kinect_12_kinect_13_b02701,75,75,0,0,exact,True,True,1,0,1,0,0,150,149,0.0004352575049600142,19.443731741048396
test,egobody_recording_20211002_S17_S15_01_small_kinect_12_kinect_11_b02701,75,75,0,0,exact,True,True,1,0,1,0,0,150,149,0.00012042538910980435,27.46190649922937
test,egobody_recording_20211002_S17_S15_02_extreme_kinect_13_kinect_11_b01321,75,75,0,0,exact,True,True,1,0,1,0,0,150,149,0.0006129929607959889,19.79607452172786
test,egobody_recording_20211002_S17_S15_02_medium_kinect_13_kinect_12_b01321,75,75,0,0,exact,True,True,1,0,1,0,0,150,149,0.00041183043863484076,19.97180938255042
test,egobody_recording_20211002_S17_S15_02_small_kinect_12_kinect_11_b01321,75,75,0,0,exact,True,True,1,0,1,0,0,150,149,3.776065649598112e-05,16.56573912873864
test,egobody_recording_20211002_S17_S15_03_extreme_kinect_13_kinect_11_b02531,75,75,0,0,exact,True,True,1,0,1,0,0,150,149,0.0008037057194727404,20.337725325487554
test,egobody_recording_20211002_S17_S15_03_medium_kinect_13_kinect_12_b02531,75,75,0,0,exact,True,True,1,0,1,0,0,150,149,0.0005422738825771841,29.252956608310342
test,egobody_recording_20211002_S17_S15_03_small_kinect_11_kinect_12_b02531,75,75,0,0,exact,True,True,1,0,1,0,0,150,149,5.698363889035784e-05,22.56192417535931
test,egobody_recording_20211004_S12_S20_01_extreme_kinect_11_kinect_13_b02556,75,75,0,0,exact,True,True,1,0,1,0,0,150,149,6.480087572870243e-05,26.22933657001704
test,egobody_recording_20211004_S12_S20_01_medium_kinect_13_kinect_12_b02556,75,75,0,0,exact,True,True,1,0,1,0,0,150,149,2.3563024069861828e-05,18.541621667332947
test,egobody_recording_20211004_S12_S20_01_small_kinect_11_kinect_12_b02556,75,75,0,0,exact,True,True,1,0,1,0,0,150,149,2.5203379406755605e-05,22.149729534052312
test,egobody_recording_20211004_S12_S20_02_extreme_kinect_13_kinect_11_b01776,75,75,0,0,exact,True,True,1,0,1,0,0,150,149,5.923329046603995e-05,28.08068908844143
test,egobody_recording_20211004_S12_S20_02_medium_kinect_13_kinect_12_b01776,75,75,0,0,exact,True,True,1,0,1,0,0,150,149,2.2872893358023225e-05,19.316091152839363
test,egobody_recording_20211004_S12_S20_02_small_kinect_12_kinect_11_b01776,75,75,0,0,exact,True,True,1,0,1,0,0,150,149,2.8818062824501485e-05,23.48550565354526
test,egobody_recording_20211004_S12_S20_03_extreme_kinect_11_kinect_13_b01986,75,75,0,0,exact,True,True,1,0,1,0,0,150,149,4.856406049377156e-05,25.084810997359455
test,egobody_recording_20211004_S12_S20_03_medium_kinect_13_kinect_12_b01986,75,75,0,0,exact,True,True,1,0,1,0,0,150,149,2.291166394995374e-05,19.769878734834492
test,egobody_recording_20211004_S12_S20_03_small_kinect_11_kinect_12_b01986,75,75,0,0,exact,True,True,1,0,1,0,0,150,149,2.637490118113696e-05,15.94393851608038
test,egobody_recording_20211004_S12_S20_04_extreme_kinect_13_kinect_11_b03381,75,75,0,0,exact,True,True,1,0,1,0,0,150,149,4.749350185434385e-05,29.331066249869764
test,egobody_recording_20211004_S12_S20_04_medium_kinect_13_kinect_12_b03381,75,75,0,0,exact,True,True,1,0,1,0,0,150,149,2.2387533966070742e-05,21.10748340189457
test,egobody_recording_20211004_S12_S20_04_small_kinect_11_kinect_12_b03381,75,75,0,0,exact,True,True,1,0,1,0,0,150,149,2.6819426015130713e-05,22.532717150636017
test,egobody_recording_20211004_S20_S12_01_extreme_kinect_13_kinect_11_b02766,75,75,0,0,exact,True,True,1,0,1,0,0,150,149,3.737503921551905e-05,14.698901317082345
test,egobody_recording_20211004_S20_S12_01_medium_kinect_12_kinect_13_b02766,75,75,0,0,exact,True,True,1,0,1,0,0,150,149,2.221998735066947e-05,19.124724655412138
test,egobody_recording_20211004_S20_S12_01_small_kinect_12_kinect_11_b02766,75,75,0,0,exact,True,True,1,0,1,0,0,150,149,2.9186271936866432e-05,19.117135100066662
test,egobody_recording_20211004_S20_S12_02_extreme_kinect_13_kinect_11_b01446,75,75,0,0,exact,True,True,1,0,1,0,0,150,149,5.809200180221461e-05,18.49151362106204
test,egobody_recording_20211004_S20_S12_02_medium_kinect_12_kinect_13_b01446,75,75,0,0,exact,True,True,1,0,1,0,0,150,149,2.298070642195059e-05,18.786277909763157
test,egobody_recording_20211004_S20_S12_02_small_kinect_12_kinect_11_b01446,75,75,0,0,exact,True,True,1,0,1,0,0,150,149,2.782348509451788e-05,23.799770172685385
test,egobody_recording_20211004_S20_S12_03_extreme_kinect_11_kinect_13_b01396,75,75,0,0,exact,True,True,1,0,1,0,0,150,149,3.0273702298815958e-05,21.89194967597723
test,egobody_recording_20211004_S20_S12_03_medium_kinect_13_kinect_12_b01396,75,75,0,0,exact,True,True,1,0,1,0,0,150,149,2.4409977187762212e-05,23.097443275153637
test,egobody_recording_20211004_S20_S12_03_small_kinect_12_kinect_11_b01396,75,75,0,0,exact,True,True,1,0,1,0,0,150,149,2.590554075545963e-05,26.140180561691523
test,egobody_recording_20211004_S20_S12_04_extreme_kinect_13_kinect_11_b03056,75,75,0,0,exact,True,True,1,0,1,0,0,150,149,7.465154758869662e-05,26.327580736018717
test,egobody_recording_20211004_S20_S12_04_medium_kinect_12_kinect_13_b03056,75,75,0,0,exact,True,True,1,0,1,0,0,150,149,2.525798940663328e-05,23.50496914703399
test,egobody_recording_20211004_S20_S12_04_small_kinect_12_kinect_11_b03056,75,75,0,0,exact,True,True,1,0,1,0,0,150,149,2.6387669559052455e-05,29.346656502224505
test,egobody_recording_20220225_S24_S25_01_extreme_kinect_14_kinect_15_b02966,75,75,0,0,exact,True,True,1,0,1,0,0,150,149,4.47835068637534e-05,26.523484303615987
test,egobody_recording_20220225_S24_S25_01_medium_kinect_15_kinect_12_b02966,75,75,0,0,exact,True,True,1,0,1,0,0,150,149,3.496720405543929e-05,22.986527227796614
test,egobody_recording_20220225_S24_S25_01_small_kinect_13_kinect_14_b02966,75,75,0,0,exact,True,True,1,0,1,0,0,150,149,2.538831543358729e-05,20.14574007038027
test,egobody_recording_20220225_S24_S25_02_extreme_kinect_14_kinect_15_b03501,75,75,0,0,exact,True,True,1,0,1,0,0,150,149,3.451850049695833e-05,22.93574391119182
test,egobody_recording_20220225_S24_S25_02_medium_kinect_12_kinect_15_b03501,75,75,0,0,exact,True,True,1,0,1,0,0,150,149,3.6661935099385735e-05,22.622592042200267
test,egobody_recording_20220225_S24_S25_02_small_kinect_13_kinect_14_b03501,75,75,0,0,exact,True,True,1,0,1,0,0,150,149,2.7801056288499344e-05,23.043522173538804
test,egobody_recording_20220225_S25_S24_01_extreme_kinect_15_kinect_14_b03341,75,75,0,0,exact,True,True,1,0,1,0,0,150,149,3.284760082793228e-05,27.8408966595307
test,egobody_recording_20220225_S25_S24_01_medium_kinect_15_kinect_12_b03341,75,75,0,0,exact,True,True,1,0,1,0,0,150,149,2.9332422202211604e-05,23.649877999909222
test,egobody_recording_20220225_S25_S24_01_small_kinect_13_kinect_14_b03341,75,75,0,0,exact,True,True,1,0,1,0,0,150,149,2.9753585042852276e-05,18.037761189974844
test,egobody_recording_20220225_S27_S26_01_extreme_kinect_15_kinect_14_b02876,75,75,0,0,exact,True,True,1,0,1,0,0,150,149,4.247290005415597e-05,18.079681169241667
test,egobody_recording_20220225_S27_S26_01_medium_kinect_15_kinect_12_b02876,75,75,0,0,exact,True,True,1,0,1,0,0,150,149,3.294104379152263e-05,16.79916765447706
test,egobody_recording_20220225_S27_S26_01_small_kinect_14_kinect_13_b02876,75,75,0,0,exact,True,True,1,0,1,0,0,150,149,2.712240375630687e-05,23.61560139991343
test,egobody_recording_20220225_S27_S26_02_extreme_kinect_15_kinect_14_b03911,75,75,0,0,exact,True,True,1,0,1,0,0,150,149,3.48450236661583e-05,24.310547798871994
test,egobody_recording_20220225_S27_S26_02_medium_kinect_12_kinect_15_b03911,75,75,0,0,exact,True,True,1,0,1,0,0,150,149,3.506843942435479e-05,20.875510577112436
test,egobody_recording_20220225_S27_S26_02_small_kinect_14_kinect_13_b03911,75,75,0,0,exact,True,True,1,0,1,0,0,150,149,2.7903981402190024e-05,17.83597752545029
test,egobody_recording_20220225_S27_S26_03_extreme_kinect_14_kinect_15_b02455,75,75,0,0,exact,True,True,1,0,1,0,0,150,149,5.037153837831322e-05,26.107102871872485
test,egobody_recording_20220225_S27_S26_03_medium_kinect_15_kinect_12_b02455,75,75,0,0,exact,True,True,1,0,1,0,0,150,149,2.7340972137742168e-05,18.702832677401602
test,egobody_recording_20220225_S27_S26_03_small_kinect_14_kinect_13_b02455,75,75,0,0,exact,True,True,1,0,1,0,0,150,149,2.5380224802136054e-05,18.772786872461438
test,egobody_recording_20220225_S27_S26_04_extreme_kinect_15_kinect_14_b03731,75,75,0,0,exact,True,True,1,0,1,0,0,150,149,5.367782764529449e-05,23.469633515924215
test,egobody_recording_20220225_S27_S26_04_medium_kinect_15_kinect_12_b03731,75,75,0,0,exact,True,True,1,0,1,0,0,150,149,2.761473083832958e-05,25.876580586656928
test,egobody_recording_20220225_S27_S26_04_small_kinect_14_kinect_13_b03731,75,75,0,0,exact,True,True,1,0,1,0,0,150,149,2.6724407238075165e-05,19.447094042785466
test,egobody_recording_20220312_S29_S28_01_extreme_kinect_15_kinect_14_b03231,75,75,0,0,exact,True,True,1,0,1,0,0,150,149,0.0001171024971432784,17.5362033220008
test,egobody_recording_20220312_S29_S28_01_medium_kinect_12_kinect_15_b03231,75,75,0,0,exact,True,True,1,0,1,0,0,150,149,2.7429633806761494e-05,16.991844253614545
test,egobody_recording_20220312_S29_S28_01_small_kinect_11_kinect_15_b03231,75,75,0,0,exact,True,True,1,0,1,0,0,150,149,2.14250407970402e-05,20.785633019171655
test,egobody_recording_20220312_S29_S28_02_extreme_kinect_14_kinect_15_b01761,75,75,0,0,exact,True,True,1,0,1,0,0,150,149,9.370593615964657e-05,21.27563394419849
test,egobody_recording_20220312_S29_S28_02_medium_kinect_15_kinect_12_b01761,75,75,0,0,exact,True,True,1,0,1,0,0,150,149,3.1096945554738926e-05,21.830120341852307
test,egobody_recording_20220312_S29_S28_02_small_kinect_11_kinect_15_b01761,75,75,0,0,exact,True,True,1,0,1,0,0,150,149,2.1330531967411084e-05,14.249443244189024
test,egobody_recording_20220312_S29_S28_03_extreme_kinect_15_kinect_14_b03281,75,75,0,0,exact,True,True,1,0,1,0,0,150,149,6.107366244884119e-05,14.729429890401661
test,egobody_recording_20220312_S29_S28_03_medium_kinect_15_kinect_12_b03281,75,75,0,0,exact,True,True,1,0,1,0,0,150,149,2.730061271938069e-05,19.774594094604254
test,egobody_recording_20220312_S29_S28_03_small_kinect_11_kinect_15_b03281,75,75,0,0,exact,True,True,1,0,1,0,0,150,149,2.1337324607850036e-05,22.434200308285654
test,egobody_recording_20220312_S29_S28_04_extreme_kinect_14_kinect_15_b04816,75,75,0,0,exact,True,True,1,0,1,0,0,150,149,0.00013226571884778144,16.59252323023975
test,egobody_recording_20220312_S29_S28_04_medium_kinect_12_kinect_15_b04816,75,75,0,0,exact,True,True,1,0,1,0,0,150,149,2.6812044481310545e-05,16.692480448633432
test,egobody_recording_20220312_S29_S28_04_small_kinect_15_kinect_11_b04816,75,75,0,0,exact,True,True,1,0,1,0,0,150,149,2.2044867583799233e-05,17.277531558647752
test,egobody_recording_20220312_S29_S28_05_extreme_kinect_15_kinect_14_b02786,75,75,0,0,exact,True,True,1,0,1,0,0,150,149,5.678894335519147e-05,16.895079377107322
test,egobody_recording_20220312_S29_S28_05_medium_kinect_15_kinect_12_b02786,75,75,0,0,exact,True,True,1,0,1,0,0,150,149,2.5920568249469898e-05,17.097681385464966
test,egobody_recording_20220312_S29_S28_05_small_kinect_11_kinect_15_b02786,75,75,0,0,exact,True,True,1,0,1,0,0,150,149,2.2250201783660343e-05,15.673519141972065
test,egobody_recording_20220318_S31_S32_01_extreme_kinect_14_kinect_11_b03185,75,75,0,0,exact,True,True,1,0,1,0,0,150,149,5.4235839905748255e-05,15.461728815920651
test,egobody_recording_20220318_S31_S32_01_medium_kinect_14_kinect_13_b03185,75,75,0,0,exact,True,True,1,0,1,0,0,150,149,8.076538259699618e-05,17.400909175164998
test,egobody_recording_20220318_S31_S32_01_small_kinect_11_kinect_12_b03185,75,75,0,0,exact,True,True,1,0,1,0,0,150,149,2.0967100126674802e-05,25.637915179133415
test,egobody_recording_20220318_S32_S31_01_extreme_kinect_11_kinect_14_b03251,75,75,0,0,exact,True,True,1,0,1,0,0,150,149,3.622753799322375e-05,26.214430297724903
test,egobody_recording_20220318_S32_S31_01_medium_kinect_13_kinect_14_b03251,75,75,0,0,exact,True,True,1,0,1,0,0,150,149,5.5352084679816884e-05,16.151313821785152
test,egobody_recording_20220318_S32_S31_01_small_kinect_11_kinect_12_b03251,75,75,0,0,exact,True,True,1,0,1,0,0,150,149,2.1164084902503816e-05,15.867574486881495
test,egobody_recording_20220318_S32_S31_02_extreme_kinect_14_kinect_11_b03001,75,75,0,0,exact,True,True,1,0,1,0,0,150,149,3.687439353266093e-05,16.41769731696695
test,egobody_recording_20220318_S32_S31_02_medium_kinect_13_kinect_14_b03001,75,75,0,0,exact,True,True,1,0,1,0,0,150,149,6.333279284799201e-05,15.61185126658529
test,egobody_recording_20220318_S32_S31_02_small_kinect_11_kinect_12_b03001,75,75,0,0,exact,True,True,1,0,1,0,0,150,149,2.1983623593186365e-05,17.062579529359937
test,egobody_recording_20220318_S33_S34_01_extreme_kinect_14_kinect_11_b03921,75,75,0,0,exact,True,True,1,0,1,0,0,150,149,3.5917733859674386e-05,22.56436034105718
test,egobody_recording_20220318_S33_S34_01_medium_kinect_13_kinect_14_b03921,75,75,0,0,exact,True,True,1,0,1,0,0,150,149,4.3261455001216843e-05,23.50823116954416
test,egobody_recording_20220318_S33_S34_01_small_kinect_12_kinect_11_b03921,75,75,0,0,exact,True,True,1,0,1,0,0,150,149,2.123117325644197e-05,16.87346998695284
test,egobody_recording_20220318_S33_S34_02_extreme_kinect_11_kinect_14_b03381,75,75,0,0,exact,True,True,1,0,1,0,0,150,149,3.062270058374207e-05,14.800658969208598
test,egobody_recording_20220318_S33_S34_02_medium_kinect_14_kinect_13_b03381,75,75,0,0,exact,True,True,1,0,1,0,0,150,149,5.307676993244548e-05,23.14137871656567
test,egobody_recording_20220318_S33_S34_02_small_kinect_12_kinect_11_b03381,75,75,0,0,exact,True,True,1,0,1,0,0,150,149,2.197186853359992e-05,16.954345203004777
test,egobody_recording_20220318_S34_S33_01_extreme_kinect_11_kinect_14_b02656,75,75,0,0,exact,True,True,1,0,1,0,0,150,149,3.458605596073815e-05,15.626363066025078
test,egobody_recording_20220318_S34_S33_01_medium_kinect_14_kinect_13_b02656,75,75,0,0,exact,True,True,1,0,1,0,0,150,149,5.116689710626398e-05,24.524697623215616
test,egobody_recording_20220318_S34_S33_01_small_kinect_12_kinect_11_b02656,75,75,0,0,exact,True,True,1,0,1,0,0,150,149,2.1204290632175663e-05,26.11713889427483
test,egobody_recording_20220318_S34_S33_02_extreme_kinect_11_kinect_14_b04321,75,75,0,0,exact,True,True,1,0,1,0,0,150,149,2.716655005698384e-05,18.794771920889616
test,egobody_recording_20220318_S34_S33_02_medium_kinect_13_kinect_14_b04321,75,75,0,0,exact,True,True,1,0,1,0,0,150,149,5.754408951650294e-05,17.00362334307283
test,egobody_recording_20220318_S34_S33_02_small_kinect_12_kinect_11_b04321,75,75,0,0,exact,True,True,1,0,1,0,0,150,149,2.1286382452587336e-05,15.21496838517487
test,egobody_recording_20220318_S34_S33_03_extreme_kinect_11_kinect_14_b03186,75,75,0,0,exact,True,True,1,0,1,0,0,150,149,2.9348375251332104e-05,20.605108696967363
test,egobody_recording_20220318_S34_S33_03_medium_kinect_14_kinect_13_b03186,75,75,0,0,exact,True,True,1,0,1,0,0,150,149,5.8350199430073125e-05,20.864355005323887
test,egobody_recording_20220318_S34_S33_03_small_kinect_11_kinect_12_b03186,75,75,0,0,exact,True,True,1,0,1,0,0,150,149,2.1323838981685295e-05,21.8173422915861
test,egobody_recording_20220415_S35_S36_01_extreme_kinect_14_kinect_13_b02261,75,75,0,0,exact,True,True,1,0,1,0,0,150,149,7.243043721074041e-05,16.378780304454267
test,egobody_recording_20220415_S35_S36_01_medium_kinect_15_kinect_13_b02261,75,75,0,0,exact,True,True,1,0,1,0,0,150,149,2.9875920338650492e-05,16.607215356081724
test,egobody_recording_20220415_S35_S36_01_small_kinect_11_kinect_12_b02261,75,75,0,0,exact,True,True,1,0,1,0,0,150,149,2.2254605565445544e-05,22.903473959304392
test,egobody_recording_20220415_S35_S36_02_extreme_kinect_13_kinect_14_b02241,75,75,0,0,exact,True,True,1,0,1,0,0,150,149,4.9216218211854366e-05,23.581747822463512
test,egobody_recording_20220415_S35_S36_02_medium_kinect_13_kinect_15_b02241,75,75,0,0,exact,True,True,1,0,1,0,0,150,149,2.9725061051009413e-05,16.820059792138636
test,egobody_recording_20220415_S35_S36_02_small_kinect_11_kinect_12_b02241,75,75,0,0,exact,True,True,1,0,1,0,0,150,149,2.404022217954175e-05,16.924974808469415
