line,case_id,unit,sequence,angle_stratum,raw_status,evaluation_status,failure_reason,wall_time_seconds,native_track_count,W-MPJPE_mm,WA-MPJPE_mm,MPJPE_mm,PA-MPJPE_mm,MPVPE_mm,AdapterShared-W-MPJPE_mm,AdapterShared-WA-MPJPE_mm,ATE-Sim3_m,ATE-SE3_m,RPE-translation_m,RPE-rotation_deg,Camera-seam-translation_m,Camera-seam-rotation_deg,Human-seam_mm,IDF1,IDs,Coverage,Precision,W_available,WA_available,camera_reportable,evaluation,evaluation_bytes
1,egobody_recording_20210907_S03_S04_01_extreme_kinect_13_kinect_11_b01801,recording_20210907_S03_S04_01,,extreme,success,success,,555.4517273902893,3,1635.3144182441595,870.3197899359219,81.55403960343462,37.03487223926654,94.02664095014035,1636.82812327173,870.3197899359219,0.14830414784265572,0.27424648515587297,0.04446255436000734,1.0121397115443413,3.2833767846350606,74.19892104697503,2912.239567841864,0.7411167512690355,1.0,0.7366666666666667,0.7594501718213058,True,True,True,/data/wangzheng/iJCV-CODE/data/OnlineHMR_work_v1/runs/egobody/attempt02/line001/onlinehmr.evaluation.json,21262
2,egobody_recording_20210907_S03_S04_01_medium_kinect_12_kinect_13_b01801,recording_20210907_S03_S04_01,,medium,success,success,,560.486658334732,3,890.0793151659232,350.6029149571443,101.8203671265814,33.50572518747778,113.3735203124707,889.9952993194171,350.6029149571443,0.1164104022481515,0.15792948237945567,0.03604996080674535,0.5528412478873506,2.65161419081275,39.91963362727612,,0.4654300168634064,1.0,0.4666666666666667,0.4778156996587031,True,True,True,/data/wangzheng/iJCV-CODE/data/OnlineHMR_work_v1/runs/egobody/attempt02/line002/onlinehmr.evaluation.json,20783
3,egobody_recording_20210907_S03_S04_01_small_kinect_11_kinect_12_b01801,recording_20210907_S03_S04_01,,small,success,success,,565.4599521160126,5,748.93633533032,382.9543547870118,100.88599582436957,40.17422332442751,112.66993656076981,746.3366946854293,382.9543547870118,0.07372509545263858,0.08168512644645075,0.0218006127983487,0.462370861892353,1.5169900319744047,33.645381384917926,274.5922624393415,0.5705128205128205,1.0,0.6,0.5555555555555556,True,True,True,/data/wangzheng/iJCV-CODE/data/OnlineHMR_work_v1/runs/egobody/attempt02/line003/onlinehmr.evaluation.json,20894
4,egobody_recording_20210911_S03_S08_01_extreme_kinect_13_kinect_11_b02141,recording_20210911_S03_S08_01,,extreme,success,success,,560.4626727104187,3,887.3778012057676,609.4628971628117,58.22650318787706,29.886066488491117,70.32376612451293,888.0272481741201,609.4628971628117,0.14761845931507275,0.34367518259211616,0.042196685022756475,0.5020219809426553,3.4266743937169664,37.57534557441013,1885.2786783357296,0.9427609427609428,3.0,0.9466666666666667,0.9659863945578231,True,True,True,/data/wangzheng/iJCV-CODE/data/OnlineHMR_work_v1/runs/egobody/attempt02/line004/onlinehmr.evaluation.json,21254
5,egobody_recording_20210911_S03_S08_01_medium_kinect_11_kinect_12_b02141,recording_20210911_S03_S08_01,,medium,success,success,,565.4547719955444,3,843.4592438568053,477.63324092015375,68.18023590767577,31.922101421436977,82.68089450313833,854.8089909389548,477.63324092015375,0.05928490520282338,0.14113374045881988,0.017844906056878225,0.2928183144761633,1.3268310866015782,21.53820460941199,,0.9425675675675675,1.0,0.9366666666666666,0.9623287671232876,True,True,True,/data/wangzheng/iJCV-CODE/data/OnlineHMR_work_v1/runs/egobody/attempt02/line005/onlinehmr.evaluation.json,20793
6,egobody_recording_20210911_S03_S08_01_small_kinect_13_kinect_12_b02141,recording_20210911_S03_S08_01,,small,success,success,,530.4410424232483,3,524.3802208126561,408.0546221060685,64.11895322407169,30.202683254985892,77.25321506374435,525.7496588920794,408.0546221060685,0.0919208069851858,0.22670777011786253,0.026377974752928024,0.2141993706309045,2.1026954665027664,16.193044025446966,1553.377559417606,0.9764309764309764,3.0,0.98,1.0,True,True,True,/data/wangzheng/iJCV-CODE/data/OnlineHMR_work_v1/runs/egobody/attempt02/line006/onlinehmr.evaluation.json,20875
7,egobody_recording_20210911_S03_S08_02_extreme_kinect_11_kinect_13_b03471,recording_20210911_S03_S08_02,,extreme,success,success,,520.4224739074707,3,1142.520967413939,584.3780500888088,76.3664194219631,37.24603448376664,91.36172142273156,1142.9004565277362,584.3780500888088,0.14766284315385456,0.3194287839111164,0.0426452708572122,0.5000307641986005,3.434913940040959,37.53562553365247,2459.7618651666653,0.8754208754208754,3.0,0.88,0.8979591836734694,True,True,True,/data/wangzheng/iJCV-CODE/data/OnlineHMR_work_v1/runs/egobody/attempt02/line007/onlinehmr.evaluation.json,21189
8,egobody_recording_20210911_S03_S08_02_medium_kinect_12_kinect_11_b03471,recording_20210911_S03_S08_02,,medium,success,success,,525.4617807865143,3,832.9027148889186,399.50572067805416,84.83627421857001,45.520430336161866,103.63405947666236,832.7742856555369,399.50572067805416,0.0585146006792463,0.15801591566732,0.016860458581240814,0.2934418655870657,1.365095298302395,21.34739865997904,,0.8465430016863407,1.0,0.8433333333333334,0.863481228668942,True,True,True,/data/wangzheng/iJCV-CODE/data/OnlineHMR_work_v1/runs/egobody/attempt02/line008/onlinehmr.evaluation.json,20803
9,egobody_recording_20210911_S03_S08_02_small_kinect_13_kinect_12_b03471,recording_20210911_S03_S08_02,,small,success,success,,520.4238398075104,3,589.7712514686891,364.9791321051132,71.89004625422457,36.67304044309834,86.68114407339327,590.2044718968357,364.9791321051132,0.09188416349062252,0.21387424457912663,0.02631934968778583,0.21448237594194397,2.085548491967762,16.14278690443404,1551.1420140083328,0.9645868465430016,3.0,0.97,0.9931740614334471,True,True,True,/data/wangzheng/iJCV-CODE/data/OnlineHMR_work_v1/runs/egobody/attempt02/line009/onlinehmr.evaluation.json,20913
10,egobody_recording_20210921_S05_S12_01_extreme_kinect_11_kinect_13_b02281,recording_20210921_S05_S12_01,,extreme,success,success,,515.4278252124786,3,873.2474684531386,401.3068620302614,73.13535263663934,36.1297749835849,85.958455406697,,401.3068620302614,0.09906790659291469,0.1023995772641154,,,,,,0.6498316498316499,2.0,0.65,0.6632653061224489,True,True,True,/data/wangzheng/iJCV-CODE/data/OnlineHMR_work_v1/runs/egobody/attempt02/line010/onlinehmr.evaluation.json,19873
11,egobody_recording_20210921_S05_S12_01_medium_kinect_12_kinect_11_b02281,recording_20210921_S05_S12_01,,medium,success,success,,530.4387631416321,4,420.31604419421586,359.8925694885497,61.458702064318565,34.72792388576305,72.937271288442,419.4209307563974,359.8925694885497,0.06308116137251785,0.21292191230590704,0.02228921407428199,0.2833790432836227,1.1420752860316452,20.577991489311696,630.6678172750264,0.5296052631578947,1.0,0.5433333333333333,0.5292207792207793,True,True,True,/data/wangzheng/iJCV-CODE/data/OnlineHMR_work_v1/runs/egobody/attempt02/line011/onlinehmr.evaluation.json,20978
12,egobody_recording_20210921_S05_S12_01_small_kinect_13_kinect_12_b02281,recording_20210921_S05_S12_01,,small,success,success,,545.4427614212036,5,210.5726946178497,130.82018837815846,75.33562484911603,31.48569145766638,87.27856138525887,202.44953657773394,130.82018837815846,0.05015000769229517,0.0919750340035946,0.015061602900492108,0.059948460181995226,0.9387831238897296,3.8728664352029933,,0.4985507246376812,3.0,0.5866666666666667,0.4512820512820513,True,True,True,/data/wangzheng/iJCV-CODE/data/OnlineHMR_work_v1/runs/egobody/attempt02/line012/onlinehmr.evaluation.json,20801
13,egobody_recording_20210921_S05_S12_02_extreme_kinect_13_kinect_11_b01916,recording_20210921_S05_S12_02,,extreme,success,success,,530.4297459125519,3,169.8888906040713,79.73278259088258,63.85653078886485,37.51976754122361,75.79992779807574,,79.73278259088258,0.10025549219798205,0.20773925997354278,,,,,,0.18983050847457628,0.0,0.18666666666666668,0.19310344827586207,True,True,True,/data/wangzheng/iJCV-CODE/data/OnlineHMR_work_v1/runs/egobody/attempt02/line013/onlinehmr.evaluation.json,19835
14,egobody_recording_20210921_S05_S12_02_medium_kinect_12_kinect_11_b01916,recording_20210921_S05_S12_02,,medium,success,success,,535.4339344501495,3,306.6492039417584,171.16437572988687,76.38090863966828,38.79909564418414,90.6005355475656,,171.16437572988687,0.06372894773436165,0.15906221248852162,,,,,,0.19798657718120805,0.0,0.19666666666666666,0.19932432432432431,True,True,True,/data/wangzheng/iJCV-CODE/data/OnlineHMR_work_v1/runs/egobody/attempt02/line014/onlinehmr.evaluation.json,19591
15,egobody_recording_20210921_S05_S12_02_small_kinect_13_kinect_12_b01916,recording_20210921_S05_S12_02,,small,success,success,,530.4344656467438,4,169.63331248605246,114.89767185950015,66.6607587128596,41.825329758447964,78.06364537161868,,114.89767185950015,0.04584884787392307,0.04611175143566096,,,,,,0.3130148270181219,0.0,0.31666666666666665,0.30944625407166126,True,True,True,/data/wangzheng/iJCV-CODE/data/OnlineHMR_work_v1/runs/egobody/attempt02/line015/onlinehmr.evaluation.json,19538
16,egobody_recording_20210921_S05_S12_03_extreme_kinect_11_kinect_13_b03356,recording_20210921_S05_S12_03,,extreme,success,success,,485.4185161590576,3,167.0860958408695,141.55159558451766,94.90670174158366,41.55760125576781,110.28201022033211,,141.55159558451766,0.09927496924374843,0.12462705313571938,,,,,,0.11447811447811448,0.0,0.11333333333333333,0.11564625850340136,True,True,True,/data/wangzheng/iJCV-CODE/data/OnlineHMR_work_v1/runs/egobody/attempt02/line016/onlinehmr.evaluation.json,19896
17,egobody_recording_20210921_S05_S12_03_medium_kinect_11_kinect_12_b03356,recording_20210921_S05_S12_03,,medium,success,success,,490.4018120765686,3,185.54927320491626,177.855672404632,79.81377501829216,34.741134111020976,96.21089292428627,,177.855672404632,0.05820312114918214,0.08430899404586001,,,,,,0.12416107382550336,0.0,0.12333333333333334,0.125,True,True,True,/data/wangzheng/iJCV-CODE/data/OnlineHMR_work_v1/runs/egobody/attempt02/line017/onlinehmr.evaluation.json,19577
18,egobody_recording_20210921_S05_S12_03_small_kinect_12_kinect_13_b03356,recording_20210921_S05_S12_03,,small,success,success,,490.3950252532959,3,255.92280420116205,178.84781023336916,86.52199920066684,41.60519279788664,98.32916474630436,249.43942664023356,178.84781023336916,0.04812129061166163,0.0905512489319731,0.016394159503504487,0.06534839499292905,0.927693394479766,3.886571839231015,,0.24283305227655985,1.0,0.24666666666666667,0.2525597269624573,True,True,True,/data/wangzheng/iJCV-CODE/data/OnlineHMR_work_v1/runs/egobody/attempt02/line018/onlinehmr.evaluation.json,20897
19,egobody_recording_20210929_S05_S16_01_extreme_kinect_11_kinect_13_b02576,recording_20210929_S05_S16_01,,extreme,success,success,,475.37483954429626,3,,,101.19863337969971,62.28711689268185,118.66527543710455,,62.287132765056576,0.10934590180817788,0.20102184558341624,,,,,,0.003367003367003367,0.0,0.0033333333333333335,0.003401360544217687,False,False,True,/data/wangzheng/iJCV-CODE/data/OnlineHMR_work_v1/runs/egobody/attempt02/line019/onlinehmr.evaluation.json,19574
20,egobody_recording_20210929_S05_S16_01_medium_kinect_11_kinect_12_b02576,recording_20210929_S05_S16_01,,medium,success,success,,475.3866708278656,3,,,101.19863306523757,62.28711661641354,118.66527205146777,,62.28713249026687,0.05278853007331639,0.07894156156524587,,,,,,0.003372681281618887,0.0,0.0033333333333333335,0.0034129692832764505,False,False,True,/data/wangzheng/iJCV-CODE/data/OnlineHMR_work_v1/runs/egobody/attempt02/line020/onlinehmr.evaluation.json,19272
21,egobody_recording_20210929_S05_S16_01_small_kinect_12_kinect_13_b02576,recording_20210929_S05_S16_01,,small,success,success,,480.38349056243896,3,,,,,,,,0.0632704268902629,0.11250424422350132,,,,,,0.0,0.0,0.0,0.0,False,False,True,/data/wangzheng/iJCV-CODE/data/OnlineHMR_work_v1/runs/egobody/attempt02/line021/onlinehmr.evaluation.json,18328
22,egobody_recording_20210929_S05_S16_02_extreme_kinect_13_kinect_11_b02316,recording_20210929_S05_S16_02,,extreme,success,success,,480.3898415565491,3,2071.0183611334114,142.34978886184996,86.85099180764365,61.28294367547535,106.89618213821144,2069.730503789408,142.34978886184996,0.11082095926391321,0.11246256412103146,0.03429605644628952,0.5778030432566158,3.6318679971053642,42.246062430297336,,0.24957841483979765,0.0,0.24666666666666667,0.2525597269624573,True,True,True,/data/wangzheng/iJCV-CODE/data/OnlineHMR_work_v1/runs/egobody/attempt02/line022/onlinehmr.evaluation.json,20995
23,egobody_recording_20210929_S05_S16_02_medium_kinect_11_kinect_12_b02316,recording_20210929_S05_S16_02,,medium,success,success,,480.3950171470642,3,,,76.6520813873831,50.85105885288141,89.11785730707714,,156.42528517473244,0.05107400896120577,0.08127527678297118,,,,,,0.25295109612141653,0.0,0.25,0.25597269624573377,False,False,True,/data/wangzheng/iJCV-CODE/data/OnlineHMR_work_v1/runs/egobody/attempt02/line023/onlinehmr.evaluation.json,19353
24,egobody_recording_20210929_S05_S16_02_small_kinect_12_kinect_13_b02316,recording_20210929_S05_S16_02,,small,success,success,,485.4061121940613,3,327.19427487956045,232.4708334292323,75.63547601955817,54.698653622771154,93.46354741497318,325.65523417229275,232.4708334292323,0.06248862561742309,0.11238360154065759,0.019484638103776965,0.2339495991727841,1.4333575334330264,17.309780465291002,524.4867549808869,0.49328859060402686,1.0,0.49666666666666665,0.5033783783783784,True,True,True,/data/wangzheng/iJCV-CODE/data/OnlineHMR_work_v1/runs/egobody/attempt02/line024/onlinehmr.evaluation.json,20963
25,egobody_recording_20210929_S05_S16_03_extreme_kinect_11_kinect_13_b01076,recording_20210929_S05_S16_03,,extreme,success,success,,485.40623450279236,3,,,,,,,,0.10947628822428489,0.1938618414540345,,,,,,0.0,0.0,0.0,0.0,False,False,True,/data/wangzheng/iJCV-CODE/data/OnlineHMR_work_v1/runs/egobody/attempt02/line025/onlinehmr.evaluation.json,18636
26,egobody_recording_20210929_S05_S16_03_medium_kinect_11_kinect_12_b01076,recording_20210929_S05_S16_03,,medium,success,success,,495.40174865722656,3,,,,,,,,0.05080243566660504,0.08735879861998039,,,,,,0.0,0.0,0.0,0.0,False,False,True,/data/wangzheng/iJCV-CODE/data/OnlineHMR_work_v1/runs/egobody/attempt02/line026/onlinehmr.evaluation.json,18343
27,egobody_recording_20210929_S05_S16_03_small_kinect_13_kinect_12_b01076,recording_20210929_S05_S16_03,,small,success,success,,480.3943119049072,3,,,,,,,,0.061070354997417246,0.061579681652082205,,,,,,0.0,0.0,0.0,0.0,False,False,True,/data/wangzheng/iJCV-CODE/data/OnlineHMR_work_v1/runs/egobody/attempt02/line027/onlinehmr.evaluation.json,18340
28,egobody_recording_20210929_S05_S16_04_extreme_kinect_13_kinect_11_b02616,recording_20210929_S05_S16_04,,extreme,success,success,,495.4068386554718,3,,,,,,,,0.11114897518300228,0.11248271773196218,,,,,,0.0,0.0,0.0,0.0,False,False,True,/data/wangzheng/iJCV-CODE/data/OnlineHMR_work_v1/runs/egobody/attempt02/line028/onlinehmr.evaluation.json,18637
29,egobody_recording_20210929_S05_S16_04_medium_kinect_12_kinect_11_b02616,recording_20210929_S05_S16_04,,medium,success,success,,490.43002009391785,3,,,,,,,,0.05263719283076185,0.09512019786808217,,,,,,0.0,0.0,0.0,0.0,False,False,True,/data/wangzheng/iJCV-CODE/data/OnlineHMR_work_v1/runs/egobody/attempt02/line029/onlinehmr.evaluation.json,18344
30,egobody_recording_20210929_S05_S16_04_small_kinect_12_kinect_13_b02616,recording_20210929_S05_S16_04,,small,success,success,,485.4005160331726,3,,,,,,,,0.06382817700146842,0.09751238103625444,,,,,,0.0,0.0,0.0,0.0,False,False,True,/data/wangzheng/iJCV-CODE/data/OnlineHMR_work_v1/runs/egobody/attempt02/line030/onlinehmr.evaluation.json,18331
31,egobody_recording_20211002_S17_S15_01_extreme_kinect_11_kinect_13_b02701,recording_20211002_S17_S15_01,,extreme,success,success,,510.42782735824585,3,1527.4306291825767,739.8161049155101,70.90331728485636,36.903386594388934,85.90873252698178,1528.3017713389738,739.8161049155101,0.11119242207843011,0.2872405958281699,0.03228750473824706,0.7704095352234636,2.5042542028835633,56.77127748103859,2242.7364464146713,0.7723440134907251,1.0,0.77,0.78839590443686,True,True,True,/data/wangzheng/iJCV-CODE/data/OnlineHMR_work_v1/runs/egobody/attempt02/line031/onlinehmr.evaluation.json,21190
32,egobody_recording_20211002_S17_S15_01_medium_kinect_12_kinect_13_b02701,recording_20211002_S17_S15_01,,medium,success,success,,510.423757314682,3,1244.0545964700334,662.4555082361745,81.2913134172327,38.84699907527767,95.33865434522977,1244.5327615052709,662.4555082361745,0.04788830585765577,0.1294388074555717,0.0148577548021194,0.5051940173268017,1.0660835914364015,36.27268090885175,1628.0726359555297,0.7777777777777778,3.0,0.7833333333333333,0.7993197278911565,True,True,True,/data/wangzheng/iJCV-CODE/data/OnlineHMR_work_v1/runs/egobody/attempt02/line032/onlinehmr.evaluation.json,20962
33,egobody_recording_20211002_S17_S15_01_small_kinect_12_kinect_11_b02701,recording_20211002_S17_S15_01,,small,success,success,,520.437539100647,3,858.6203198401946,310.38661200177916,88.07352883498541,40.70318148992212,102.49280420701805,858.3326653969141,310.38661200177916,0.07925491019344764,0.2449977700167258,0.023191343339728682,0.2796701678751084,1.7461442036401702,20.593822449475578,,0.7094594594594594,1.0,0.7066666666666667,0.726027397260274,True,True,True,/data/wangzheng/iJCV-CODE/data/OnlineHMR_work_v1/runs/egobody/attempt02/line033/onlinehmr.evaluation.json,20788
34,egobody_recording_20211002_S17_S15_02_extreme_kinect_13_kinect_11_b01321,recording_20211002_S17_S15_02,,extreme,success,success,,515.4174206256866,4,1749.2666124743462,989.0892748990397,108.38135377489357,56.94997609187305,119.27103402915252,1734.1749006926827,989.0892748990397,0.6174073037476088,0.618751067856626,0.03904353434752972,0.9563639018052305,3.1083199330489037,70.68122171260949,529.7034138767592,0.5052316890881914,13.0,0.63,0.5121951219512195,True,True,True,/data/wangzheng/iJCV-CODE/data/OnlineHMR_work_v1/runs/egobody/attempt02/line034/onlinehmr.evaluation.json,21154
35,egobody_recording_20211002_S17_S15_02_medium_kinect_13_kinect_12_b01321,recording_20211002_S17_S15_02,,medium,success,success,,510.42005372047424,4,2168.0498949586768,674.3901089351622,107.61580033273566,52.0531839740896,119.02173914383452,2151.125707364171,674.3901089351622,0.04918873483482194,0.07460635687216903,0.01399920054835259,0.503542775412636,1.5565407843089878,36.14119580788098,,0.6721854304635762,9.0,0.7333333333333333,0.7236842105263158,True,True,True,/data/wangzheng/iJCV-CODE/data/OnlineHMR_work_v1/runs/egobody/attempt02/line035/onlinehmr.evaluation.json,20787
36,egobody_recording_20211002_S17_S15_02_small_kinect_12_kinect_11_b01321,recording_20211002_S17_S15_02,,small,success,success,,510.402694940567,3,861.8018084110739,507.90190520314087,111.766796541513,51.307550036641935,122.35973031956131,968.9362032108642,507.90190520314087,0.07854527299416132,0.14466650722644073,0.022552638616116928,0.27927215033983677,1.810035392126522,20.5569237234463,923.5181079290801,0.7324414715719063,1.0,0.7333333333333333,0.738255033557047,True,True,True,/data/wangzheng/iJCV-CODE/data/OnlineHMR_work_v1/runs/egobody/attempt02/line036/onlinehmr.evaluation.json,20944
37,egobody_recording_20211002_S17_S15_03_extreme_kinect_13_kinect_11_b02531,recording_20211002_S17_S15_03,,extreme,success,success,,530.4329750537872,4,1240.3213225756126,1029.976789680554,147.44616655811916,76.13847108867783,183.9001722309745,1236.4670121126026,1029.976789680554,1.1547546371969108,1.5468018057856303,0.021590409349117858,0.47993432323293594,3.107287278342298,70.6781005123287,1659.9035866264549,0.6756352765321375,32.0,0.93,0.7560975609756098,True,True,True,/data/wangzheng/iJCV-CODE/data/OnlineHMR_work_v1/runs/egobody/attempt02/line037/onlinehmr.evaluation.json,21231
38,egobody_recording_20211002_S17_S15_03_medium_kinect_13_kinect_12_b02531,recording_20211002_S17_S15_03,,medium,success,success,,520.4235465526581,4,822.3881041734745,750.1350014112422,129.77495445205645,65.28077496708794,162.46291439845376,818.4826299130912,750.1350014112422,0.05086698901125997,0.08673006660531649,0.014747130934897998,0.504574942236977,1.0575392033982416,36.29026948241951,,0.5924812030075188,13.0,0.9666666666666667,0.7945205479452054,True,True,True,/data/wangzheng/iJCV-CODE/data/OnlineHMR_work_v1/runs/egobody/attempt02/line038/onlinehmr.evaluation.json,20811
39,egobody_recording_20211002_S17_S15_03_small_kinect_11_kinect_12_b02531,recording_20211002_S17_S15_03,,small,success,success,,505.4069788455963,3,877.8476116957982,323.5316539728059,124.71973622759675,66.72143441410087,144.59458092695746,869.5089013073083,323.5316539728059,0.07823079852741707,0.07880386404908442,0.025435226002805584,0.2798423611473722,1.623771217723149,20.376723987826555,874.146566927704,0.7710437710437711,1.0,0.77,0.7857142857142857,True,True,True,/data/wangzheng/iJCV-CODE/data/OnlineHMR_work_v1/runs/egobody/attempt02/line039/onlinehmr.evaluation.json,20886
40,egobody_recording_20211004_S12_S20_01_extreme_kinect_11_kinect_13_b02556,recording_20211004_S12_S20_01,,extreme,success,success,,495.41020226478577,3,,,66.38351088329271,31.925086090869943,74.77560002690655,,67.93321036103532,0.1161496691188125,0.18293937650575057,,,,,,0.09152542372881356,0.0,0.09,0.09310344827586207,False,False,True,/data/wangzheng/iJCV-CODE/data/OnlineHMR_work_v1/runs/egobody/attempt02/line040/onlinehmr.evaluation.json,19580
41,egobody_recording_20211004_S12_S20_01_medium_kinect_13_kinect_12_b02556,recording_20211004_S12_S20_01,,medium,success,success,,495.40275621414185,3,58.81895236839759,55.79461055259195,68.29692019852287,34.59154068168079,82.38551822611834,,55.79461055259195,0.0553861449601218,0.05642050775694849,,,,,,0.11409395973154363,0.0,0.11333333333333333,0.11486486486486487,True,True,True,/data/wangzheng/iJCV-CODE/data/OnlineHMR_work_v1/runs/egobody/attempt02/line041/onlinehmr.evaluation.json,19547
42,egobody_recording_20211004_S12_S20_01_small_kinect_11_kinect_12_b02556,recording_20211004_S12_S20_01,,small,success,success,,480.4038026332855,3,,,58.14707146820084,23.769693237006685,69.29589933972919,,23.769689010227257,0.06207342118763331,0.1403305954643829,,,,,,0.0033783783783783786,0.0,0.0033333333333333335,0.003424657534246575,False,False,True,/data/wangzheng/iJCV-CODE/data/OnlineHMR_work_v1/runs/egobody/attempt02/line042/onlinehmr.evaluation.json,19282
43,egobody_recording_20211004_S12_S20_02_extreme_kinect_13_kinect_11_b01776,recording_20211004_S12_S20_02,,extreme,success,success,,480.3876576423645,3,,,,,,,,0.11370427068289167,0.15339911696435857,,,,,,0.0,0.0,0.0,0.0,False,False,True,/data/wangzheng/iJCV-CODE/data/OnlineHMR_work_v1/runs/egobody/attempt02/line043/onlinehmr.evaluation.json,18636
44,egobody_recording_20211004_S12_S20_02_medium_kinect_13_kinect_12_b01776,recording_20211004_S12_S20_02,,medium,success,success,,485.39773082733154,3,,,,,,,,0.05518923347077984,0.0631580518218271,,,,,,0.0,0.0,0.0,0.0,False,False,True,/data/wangzheng/iJCV-CODE/data/OnlineHMR_work_v1/runs/egobody/attempt02/line044/onlinehmr.evaluation.json,18347
45,egobody_recording_20211004_S12_S20_02_small_kinect_12_kinect_11_b01776,recording_20211004_S12_S20_02,,small,success,success,,495.4060492515564,3,,,,,,,,0.06439783732090469,0.1138294357108695,,,,,,0.0,0.0,0.0,0.0,False,False,True,/data/wangzheng/iJCV-CODE/data/OnlineHMR_work_v1/runs/egobody/attempt02/line045/onlinehmr.evaluation.json,18342
46,egobody_recording_20211004_S12_S20_03_extreme_kinect_11_kinect_13_b01986,recording_20211004_S12_S20_03,,extreme,success,success,,480.3908450603485,3,,,90.81302088836576,27.844455806209766,98.2347133857253,,193.4448280082763,0.11604405455359791,0.18448793035220767,,,,,,0.006779661016949152,0.0,0.006666666666666667,0.006896551724137931,False,False,True,/data/wangzheng/iJCV-CODE/data/OnlineHMR_work_v1/runs/egobody/attempt02/line046/onlinehmr.evaluation.json,19639
47,egobody_recording_20211004_S12_S20_03_medium_kinect_13_kinect_12_b01986,recording_20211004_S12_S20_03,,medium,success,success,,490.39853858947754,3,112.78997526947121,138.30774055058168,104.59100927621321,34.38182949451737,123.49747715627866,112.86600369757046,138.30774055058168,0.05462881138605128,0.05721537438888726,0.017435742933499438,0.22772457339601368,1.202422617710174,16.627786196081964,,0.06375838926174497,1.0,0.07,0.07094594594594594,True,True,True,/data/wangzheng/iJCV-CODE/data/OnlineHMR_work_v1/runs/egobody/attempt02/line047/onlinehmr.evaluation.json,20748
48,egobody_recording_20211004_S12_S20_03_small_kinect_11_kinect_12_b01986,recording_20211004_S12_S20_03,,small,success,success,,480.3872380256653,3,,,73.46324381648701,23.93764132472894,89.06411827722225,,123.13159865692182,0.06221543397605065,0.11207717809572107,,,,,,0.010135135135135136,0.0,0.01,0.010273972602739725,False,False,True,/data/wangzheng/iJCV-CODE/data/OnlineHMR_work_v1/runs/egobody/attempt02/line048/onlinehmr.evaluation.json,19299
49,egobody_recording_20211004_S12_S20_04_extreme_kinect_13_kinect_11_b03381,recording_20211004_S12_S20_04,,extreme,success,success,,485.38758516311646,3,,,,,,,,0.11406900150631964,0.13329821184990212,,,,,,0.0,0.0,0.0,0.0,False,False,True,/data/wangzheng/iJCV-CODE/data/OnlineHMR_work_v1/runs/egobody/attempt02/line049/onlinehmr.evaluation.json,18638
50,egobody_recording_20211004_S12_S20_04_medium_kinect_13_kinect_12_b03381,recording_20211004_S12_S20_04,,medium,success,success,,490.40143752098083,3,,,132.93829612800315,37.31696576356213,150.83432974203973,,58.97773805323013,0.05577903946683866,0.05627327228437393,,,,,,0.010067114093959731,0.0,0.01,0.010135135135135136,False,False,True,/data/wangzheng/iJCV-CODE/data/OnlineHMR_work_v1/runs/egobody/attempt02/line050/onlinehmr.evaluation.json,19296
51,egobody_recording_20211004_S12_S20_04_small_kinect_11_kinect_12_b03381,recording_20211004_S12_S20_04,,small,success,success,,550.4546916484833,3,,,132.9383834631209,37.31695419240676,150.83442594258705,,59.64825362349859,0.06265793425726746,0.07629576024195904,,,,,,0.010135135135135136,0.0,0.01,0.010273972602739725,False,False,True,/data/wangzheng/iJCV-CODE/data/OnlineHMR_work_v1/runs/egobody/attempt02/line051/onlinehmr.evaluation.json,19307
52,egobody_recording_20211004_S20_S12_01_extreme_kinect_13_kinect_11_b02766,recording_20211004_S20_S12_01,,extreme,success,success,,555.4557960033417,3,,,,,,,,0.1140647591824847,0.13525578457091722,,,,,,0.0,0.0,0.0,0.0,False,False,True,/data/wangzheng/iJCV-CODE/data/OnlineHMR_work_v1/runs/egobody/attempt02/line052/onlinehmr.evaluation.json,18632
53,egobody_recording_20211004_S20_S12_01_medium_kinect_12_kinect_13_b02766,recording_20211004_S20_S12_01,,medium,success,success,,550.4519288539886,3,,,,,,,,0.05641305279696644,0.10811370737488403,,,,,,0.0,0.0,0.0,0.0,False,False,True,/data/wangzheng/iJCV-CODE/data/OnlineHMR_work_v1/runs/egobody/attempt02/line053/onlinehmr.evaluation.json,18335
54,egobody_recording_20211004_S20_S12_01_small_kinect_12_kinect_11_b02766,recording_20211004_S20_S12_01,,small,success,success,,545.4693629741669,3,,,,,,,,0.06359056753812999,0.11536906292589885,,,,,,0.0,0.0,0.0,0.0,False,False,True,/data/wangzheng/iJCV-CODE/data/OnlineHMR_work_v1/runs/egobody/attempt02/line054/onlinehmr.evaluation.json,18350
55,egobody_recording_20211004_S20_S12_02_extreme_kinect_13_kinect_11_b01446,recording_20211004_S20_S12_02,,extreme,success,success,,570.4741549491882,4,370.032364166559,360.4684561305653,88.22130411003552,44.48501388290496,108.81831235532583,369.3677077787818,360.4684561305653,0.11357137634847812,0.1571402485341891,0.03432513187273461,0.24486026593613905,2.5766242928689875,18.02463829271623,,0.42105263157894735,1.0,0.47333333333333333,0.38904109589041097,True,True,True,/data/wangzheng/iJCV-CODE/data/OnlineHMR_work_v1/runs/egobody/attempt02/line055/onlinehmr.evaluation.json,21110
56,egobody_recording_20211004_S20_S12_02_medium_kinect_12_kinect_13_b01446,recording_20211004_S20_S12_02,,medium,success,success,,500.40516924858093,3,624.4033609602512,214.53976311942628,80.51075723998835,42.69924146349347,99.1190781775138,,214.53976311942628,0.06098347929851737,0.07024027681458374,,,,,,0.4882154882154882,0.0,0.48333333333333334,0.4931972789115646,True,True,True,/data/wangzheng/iJCV-CODE/data/OnlineHMR_work_v1/runs/egobody/attempt02/line056/onlinehmr.evaluation.json,19563
57,egobody_recording_20211004_S20_S12_02_small_kinect_12_kinect_11_b01446,recording_20211004_S20_S12_02,,small,success,success,,500.40243911743164,3,330.3202250417723,212.9254842669848,81.9809137841423,43.5917397939883,100.69248783212923,,212.9254842669848,0.06466134217485144,0.10811488618662599,,,,,,0.47796610169491527,0.0,0.47,0.4862068965517241,True,True,True,/data/wangzheng/iJCV-CODE/data/OnlineHMR_work_v1/runs/egobody/attempt02/line057/onlinehmr.evaluation.json,19508
58,egobody_recording_20211004_S20_S12_03_extreme_kinect_11_kinect_13_b01396,recording_20211004_S20_S12_03,,extreme,success,success,,495.41645431518555,3,,,84.92175523576095,44.24525914013981,99.70813211151966,,121.30924576996202,0.11611339288961695,0.1905417946310829,,,,,,0.24283305227655985,0.0,0.24,0.24573378839590443,False,False,True,/data/wangzheng/iJCV-CODE/data/OnlineHMR_work_v1/runs/egobody/attempt02/line058/onlinehmr.evaluation.json,19595
59,egobody_recording_20211004_S20_S12_03_medium_kinect_13_kinect_12_b01396,recording_20211004_S20_S12_03,,medium,success,success,,525.4319403171539,3,429.7954253238164,373.0241574884311,73.50017262725729,40.279507562259994,90.40471572996996,430.3876075219775,373.0241574884311,0.055068110511610605,0.06498816826806009,0.017496710133402694,0.2310553160871647,1.2123865799610511,16.554438874531268,1052.191916941939,0.5570469798657718,1.0,0.56,0.5675675675675675,True,True,True,/data/wangzheng/iJCV-CODE/data/OnlineHMR_work_v1/runs/egobody/attempt02/line059/onlinehmr.evaluation.json,20916
60,egobody_recording_20211004_S20_S12_03_small_kinect_12_kinect_11_b01396,recording_20211004_S20_S12_03,,small,success,success,,510.40748405456543,3,107.61613390312273,83.1868102370288,74.94068532070706,34.47691401813752,92.56169140906715,108.81273217722531,83.1868102370288,0.0628806083123049,0.13847187023408028,0.0188880373204487,0.042933538819474,1.4820934142648743,2.6834424349257198,,0.24324324324324326,1.0,0.24666666666666667,0.2534246575342466,True,True,True,/data/wangzheng/iJCV-CODE/data/OnlineHMR_work_v1/runs/egobody/attempt02/line060/onlinehmr.evaluation.json,20730
61,egobody_recording_20211004_S20_S12_04_extreme_kinect_13_kinect_11_b03056,recording_20211004_S20_S12_04,,extreme,success,success,,530.421124458313,3,331.78210141262997,274.9522635171717,76.00680510786985,31.351476333904753,89.90532894289062,327.8414119357566,274.9522635171717,0.11329059065950782,0.1891602271410165,0.03385222230269329,0.24035974218244802,2.5623738258805147,18.188470127017638,,0.535593220338983,1.0,0.5333333333333333,0.5517241379310345,True,True,True,/data/wangzheng/iJCV-CODE/data/OnlineHMR_work_v1/runs/egobody/attempt02/line061/onlinehmr.evaluation.json,21091
62,egobody_recording_20211004_S20_S12_04_medium_kinect_12_kinect_13_b03056,recording_20211004_S20_S12_04,,medium,success,success,,525.4272129535675,3,522.9171498840493,356.2952600115988,65.03609066543017,31.093370834436787,77.51385010716751,556.9444762866447,356.2952600115988,0.060192321753809674,0.08999625823784387,0.01761818332666689,0.23156167960751198,1.2695031536475916,16.612610061832772,,0.6913996627318718,1.0,0.69,0.7064846416382252,True,True,True,/data/wangzheng/iJCV-CODE/data/OnlineHMR_work_v1/runs/egobody/attempt02/line062/onlinehmr.evaluation.json,20747
63,egobody_recording_20211004_S20_S12_04_small_kinect_12_kinect_11_b03056,recording_20211004_S20_S12_04,,small,success,success,,525.4290182590485,3,666.3131874261969,175.89055135664802,71.20482595753582,32.29580136045651,83.2186824465495,726.5637212147261,175.89055135664802,0.06450338472991048,0.13385466110603186,0.019186920460683588,0.042586880899008625,1.4683944395372617,2.6860046569412273,,0.6587837837837838,1.0,0.6566666666666666,0.6746575342465754,True,True,True,/data/wangzheng/iJCV-CODE/data/OnlineHMR_work_v1/runs/egobody/attempt02/line063/onlinehmr.evaluation.json,20818
64,egobody_recording_20220225_S24_S25_01_extreme_kinect_14_kinect_15_b02966,recording_20220225_S24_S25_01,,extreme,success,success,,530.4551901817322,4,2209.8442186873503,376.2865713002992,87.1607806099783,82.37575551086782,122.96231908411855,2207.987555679575,376.2865713002992,0.23615704995184758,0.4468597955840166,0.06876708808772328,1.319777812315062,6.750833696165011,98.47966442403306,3147.5521744438192,0.24957841483979765,1.0,0.25666666666666665,0.2627986348122867,True,True,True,/data/wangzheng/iJCV-CODE/data/OnlineHMR_work_v1/runs/egobody/attempt02/line064/onlinehmr.evaluation.json,21226
65,egobody_recording_20220225_S24_S25_01_medium_kinect_15_kinect_12_b02966,recording_20220225_S24_S25_01,,medium,success,success,,535.4200682640076,3,152.9739643772258,152.9739643772258,229.79608369083428,152.96130190280257,317.60650630368787,153.5233769539327,152.9739643772258,0.1610316460569248,0.4485749593199166,0.04635486687476017,0.6722915874023475,4.776621797896104,47.61797967883528,,0.006779661016949152,0.0,0.006666666666666667,0.006896551724137931,True,True,True,/data/wangzheng/iJCV-CODE/data/OnlineHMR_work_v1/runs/egobody/attempt02/line065/onlinehmr.evaluation.json,20698
66,egobody_recording_20220225_S24_S25_01_small_kinect_13_kinect_14_b02966,recording_20220225_S24_S25_01,,small,success,success,,575.472797870636,3,,,59.091081336584054,42.11571183683194,73.46558973027975,,102.36829726511462,0.056482660831937086,0.11001903888475936,,,,,,0.2516778523489933,0.0,0.25,0.2533783783783784,False,False,True,/data/wangzheng/iJCV-CODE/data/OnlineHMR_work_v1/runs/egobody/attempt02/line066/onlinehmr.evaluation.json,19643
67,egobody_recording_20220225_S24_S25_02_extreme_kinect_14_kinect_15_b03501,recording_20220225_S24_S25_02,,extreme,success,success,,590.4823572635651,4,976.9475691625904,998.4541964386539,130.72944261088784,61.43086061760453,161.99105071214262,979.1049605370939,998.4541964386539,0.233952631830193,0.4858873038921494,0.07096053225161296,1.3223761570733474,5.2977560121744895,98.40830907353887,,0.3392,7.0,0.51,0.4707692307692308,True,True,True,/data/wangzheng/iJCV-CODE/data/OnlineHMR_work_v1/runs/egobody/attempt02/line067/onlinehmr.evaluation.json,21118
68,egobody_recording_20220225_S24_S25_02_medium_kinect_12_kinect_15_b03501,recording_20220225_S24_S25_02,,medium,success,success,,575.4786908626556,4,2052.394420793141,1372.915466362645,144.90234201627962,56.85644678807717,175.3376240756419,,1372.915466362645,0.1560627815468436,0.8542437137732419,,,,,,0.21508828250401285,5.0,0.37,0.34365325077399383,True,True,True,/data/wangzheng/iJCV-CODE/data/OnlineHMR_work_v1/runs/egobody/attempt02/line068/onlinehmr.evaluation.json,19531
69,egobody_recording_20220225_S24_S25_02_small_kinect_13_kinect_14_b03501,recording_20220225_S24_S25_02,,small,success,success,,590.4932851791382,3,459.81086290473615,322.8189479535806,69.54215567270889,44.94898083116806,90.25217231321528,461.9778729425914,322.8189479535806,0.057125077693804135,0.10687453771201708,0.01843349831297357,0.22793720907784334,1.2681384726243154,16.726198700723778,,0.4882154882154882,1.0,0.49,0.5,True,True,True,/data/wangzheng/iJCV-CODE/data/OnlineHMR_work_v1/runs/egobody/attempt02/line069/onlinehmr.evaluation.json,21029
70,egobody_recording_20220225_S25_S24_01_extreme_kinect_15_kinect_14_b03341,recording_20220225_S25_S24_01,,extreme,success,success,,625.5122158527374,10,2345.905587803137,1166.4760301344047,169.75806126367135,62.75384237280392,210.26604424415171,2350.1453733185604,1166.4760301344047,0.23769313231882458,0.873149132198785,0.06500976228196916,1.3217139655558785,7.721724655991545,98.77273814625352,,0.09234507897934387,59.0,0.39,0.2237093690248566,True,True,True,/data/wangzheng/iJCV-CODE/data/OnlineHMR_work_v1/runs/egobody/attempt02/line070/onlinehmr.evaluation.json,21121
71,egobody_recording_20220225_S25_S24_01_medium_kinect_15_kinect_12_b03341,recording_20220225_S25_S24_01,,medium,success,success,,510.42241072654724,3,2894.7590838999217,286.2738704082143,78.12140154028432,37.70413321093001,95.28935359369208,2897.436093786472,286.2738704082143,0.15843784814696937,0.4872655395236851,0.04602899682011553,0.6533328606412109,5.142063378517797,47.72950690117036,,0.30354131534569984,1.0,0.30666666666666664,0.31399317406143346,True,True,True,/data/wangzheng/iJCV-CODE/data/OnlineHMR_work_v1/runs/egobody/attempt02/line071/onlinehmr.evaluation.json,20880
72,egobody_recording_20220225_S25_S24_01_small_kinect_13_kinect_14_b03341,recording_20220225_S25_S24_01,,small,success,success,,510.4162230491638,3,2949.9687585340994,368.1211640516452,74.2756222304756,34.44968028473695,89.71500533818103,2950.6271588337104,368.1211640516452,0.059167438190703726,0.1171177088781001,0.018158843064087136,0.2307203503659532,1.920531902470853,16.788835161548825,1360.096747280851,0.3825503355704698,0.0,0.38,0.38513513513513514,True,True,True,/data/wangzheng/iJCV-CODE/data/OnlineHMR_work_v1/runs/egobody/attempt02/line072/onlinehmr.evaluation.json,21152
73,egobody_recording_20220225_S27_S26_01_extreme_kinect_15_kinect_14_b02876,recording_20220225_S27_S26_01,,extreme,success,success,,530.42511677742,4,2191.941442568719,1003.631170466645,154.9534546645233,103.70604690797218,202.31839018964448,2217.3978192118834,1003.631170466645,0.23551189416949891,0.8521816551237744,0.0682325951329342,1.322993661376722,6.331746681688076,98.51956490158301,,0.45209580838323354,15.0,0.7366666666666667,0.6005434782608695,True,True,True,/data/wangzheng/iJCV-CODE/data/OnlineHMR_work_v1/runs/egobody/attempt02/line073/onlinehmr.evaluation.json,21192
74,egobody_recording_20220225_S27_S26_01_medium_kinect_15_kinect_12_b02876,recording_20220225_S27_S26_01,,medium,success,success,,525.4246900081635,3,2416.4153199882544,893.4326558846301,108.01095592553382,61.391241701639814,135.3663940733128,2438.9976424868996,893.4326558846301,0.1746939909070299,0.4412463726836973,0.058978696291307295,0.6820189207505803,4.202791155629013,47.605312214437966,,0.7318718381112985,1.0,0.73,0.7474402730375427,True,True,True,/data/wangzheng/iJCV-CODE/data/OnlineHMR_work_v1/runs/egobody/attempt02/line074/onlinehmr.evaluation.json,20834
75,egobody_recording_20220225_S27_S26_01_small_kinect_14_kinect_13_b02876,recording_20220225_S27_S26_01,,small,success,success,,505.40658354759216,3,2467.207156397839,400.4617548590108,100.64391464475935,56.34293710505179,122.32634164041731,2480.1344964101077,400.4617548590108,0.057999602896139424,0.10566466504044947,0.017908704335738285,0.22897288312195285,1.6484216369039877,16.59977876115059,1196.9394794813034,0.5134228187919463,1.0,0.5166666666666667,0.5236486486486487,True,True,True,/data/wangzheng/iJCV-CODE/data/OnlineHMR_work_v1/runs/egobody/attempt02/line075/onlinehmr.evaluation.json,21261
76,egobody_recording_20220225_S27_S26_02_extreme_kinect_15_kinect_14_b03911,recording_20220225_S27_S26_02,,extreme,success,success,,550.4567155838013,6,2064.4971920707535,942.4643812918749,175.52489971388428,98.16388600601464,218.76439679767893,2068.3965399050094,942.4643812918749,0.2362063585815145,0.8560591379320255,0.06549710055792421,1.3204992588733846,6.325903644848892,98.59064208214184,763.9416201094888,0.3125827814569536,51.0,0.7466666666666667,0.49230769230769234,True,True,True,/data/wangzheng/iJCV-CODE/data/OnlineHMR_work_v1/runs/egobody/attempt02/line076/onlinehmr.evaluation.json,21276
77,egobody_recording_20220225_S27_S26_02_medium_kinect_12_kinect_15_b03911,recording_20220225_S27_S26_02,,medium,success,success,,520.4436049461365,3,1441.9756881615167,982.3592636300671,173.58522909999922,90.88342238231391,216.40999514755603,1434.1112716043701,982.3592636300671,0.18071632389242884,0.5895435316153944,0.05864382652211943,0.6892384058781001,3.7234995619620608,47.84144480335764,,0.43097643097643096,49.0,0.7133333333333334,0.7278911564625851,True,True,True,/data/wangzheng/iJCV-CODE/data/OnlineHMR_work_v1/runs/egobody/attempt02/line077/onlinehmr.evaluation.json,20814
78,egobody_recording_20220225_S27_S26_02_small_kinect_14_kinect_13_b03911,recording_20220225_S27_S26_02,,small,success,success,,515.4227359294891,3,2308.590270899145,359.7061017085253,76.74336069269705,46.920861097356365,90.02623087522635,2308.266347140837,359.7061017085253,0.058155003265073786,0.11170631291974914,0.017709320177614292,0.22689305045069974,1.5175637821025305,16.630908397250327,1401.1899019423763,0.34563758389261745,0.0,0.3433333333333333,0.34797297297297297,True,True,True,/data/wangzheng/iJCV-CODE/data/OnlineHMR_work_v1/runs/egobody/attempt02/line078/onlinehmr.evaluation.json,21243
79,egobody_recording_20220225_S27_S26_03_extreme_kinect_14_kinect_15_b02455,recording_20220225_S27_S26_03,,extreme,success,success,,505.4106094837189,3,109.89705006984411,109.89705006984411,240.8454388627003,109.88333125214587,288.256418839129,109.9157990456396,109.89705006984411,0.2329703207027135,0.41731562022734314,0.06445059700798692,1.3181262722534217,5.670253336855642,98.37478749407087,,0.006734006734006734,0.0,0.006666666666666667,0.006802721088435374,True,True,True,/data/wangzheng/iJCV-CODE/data/OnlineHMR_work_v1/runs/egobody/attempt02/line079/onlinehmr.evaluation.json,20987
80,egobody_recording_20220225_S27_S26_03_medium_kinect_15_kinect_12_b02455,recording_20220225_S27_S26_03,,medium,success,success,,520.428591966629,3,,,,,,,,0.17477536315298497,0.3650103121758553,,,,,,0.0,0.0,0.0,0.0,False,False,True,/data/wangzheng/iJCV-CODE/data/OnlineHMR_work_v1/runs/egobody/attempt02/line080/onlinehmr.evaluation.json,18325
81,egobody_recording_20220225_S27_S26_03_small_kinect_14_kinect_13_b02455,recording_20220225_S27_S26_03,,small,success,success,,510.4215395450592,3,109.89705006984411,109.89705006984411,240.8454388627003,109.88333125214587,288.256418839129,109.9157990456396,109.89705006984411,0.05608630251001755,0.081158061614523,0.01614448416187908,0.2268230055263187,1.3890097446655458,16.589203450402355,,0.006711409395973154,0.0,0.006666666666666667,0.006756756756756757,True,True,True,/data/wangzheng/iJCV-CODE/data/OnlineHMR_work_v1/runs/egobody/attempt02/line081/onlinehmr.evaluation.json,21001
82,egobody_recording_20220225_S27_S26_04_extreme_kinect_15_kinect_14_b03731,recording_20220225_S27_S26_04,,extreme,success,success,,510.4165987968445,3,,,,,,,,0.23410182276304553,0.8863858874931266,,,,,,0.0,0.0,0.0,0.0,False,False,True,/data/wangzheng/iJCV-CODE/data/OnlineHMR_work_v1/runs/egobody/attempt02/line082/onlinehmr.evaluation.json,18627
83,egobody_recording_20220225_S27_S26_04_medium_kinect_15_kinect_12_b03731,recording_20220225_S27_S26_04,,medium,success,success,,510.41291785240173,3,,,,,,,,0.16533106981798545,0.3689843917028542,,,,,,0.0,0.0,0.0,0.0,False,False,True,/data/wangzheng/iJCV-CODE/data/OnlineHMR_work_v1/runs/egobody/attempt02/line083/onlinehmr.evaluation.json,18325
84,egobody_recording_20220225_S27_S26_04_small_kinect_14_kinect_13_b03731,recording_20220225_S27_S26_04,,small,success,success,,515.4512848854065,3,122.54119293282614,122.54119293282614,248.0286966683251,122.53938691691752,283.6537749710041,122.68573340341422,122.54119293282614,0.05612799308382459,0.056874993166713544,0.016059990915542274,0.22651836035550355,1.4050987059653335,16.590452949707558,,0.006711409395973154,0.0,0.006666666666666667,0.006756756756756757,True,True,True,/data/wangzheng/iJCV-CODE/data/OnlineHMR_work_v1/runs/egobody/attempt02/line084/onlinehmr.evaluation.json,21016
85,egobody_recording_20220312_S29_S28_01_extreme_kinect_15_kinect_14_b03231,recording_20220312_S29_S28_01,,extreme,success,success,,530.4427959918976,5,1138.492750617541,952.6011346922982,132.06712762838362,67.9706514131396,170.6189636813259,1137.0734620916019,952.6011346922982,0.19820287073963502,0.3799714949692138,0.056286838613657665,1.2676232530600207,4.5915966383422715,94.20821362973389,,0.3368421052631579,20.0,0.7433333333333333,0.6109589041095891,True,True,True,/data/wangzheng/iJCV-CODE/data/OnlineHMR_work_v1/runs/egobody/attempt02/line085/onlinehmr.evaluation.json,21099
86,egobody_recording_20220312_S29_S28_01_medium_kinect_12_kinect_15_b03231,recording_20220312_S29_S28_01,,medium,success,success,,525.427282333374,4,770.3740246395465,802.3862633599641,120.04765224263063,67.04853965057397,154.9326775503731,771.3011299956021,802.3862633599641,0.12974048329898535,0.24401713280066248,0.039172013754351594,0.5556876327022865,2.9186476328123967,40.95248248650191,884.4108193424635,0.6056971514242878,27.0,0.98,0.8010899182561307,True,True,True,/data/wangzheng/iJCV-CODE/data/OnlineHMR_work_v1/runs/egobody/attempt02/line086/onlinehmr.evaluation.json,20888
87,egobody_recording_20220312_S29_S28_01_small_kinect_11_kinect_15_b03231,recording_20220312_S29_S28_01,,small,success,success,,505.4250204563141,3,434.19719709811494,350.6218115697251,53.7679877490344,32.8859249941388,64.37510112898684,434.217246241757,350.6218115697251,0.06415301496136427,0.11211869622764074,0.018867902127330582,0.2101910106168376,1.4695592408319305,15.379746690135473,,0.5531197301854974,3.0,0.5566666666666666,0.5699658703071673,True,True,True,/data/wangzheng/iJCV-CODE/data/OnlineHMR_work_v1/runs/egobody/attempt02/line087/onlinehmr.evaluation.json,21198
88,egobody_recording_20220312_S29_S28_02_extreme_kinect_14_kinect_15_b01761,recording_20220312_S29_S28_02,,extreme,success,success,,515.4164941310883,4,2010.9455046445717,889.0106407033826,118.76893095807561,36.53211542867771,152.74227478087536,2011.7744074048494,889.0106407033826,0.19708590720625396,0.43974856376362453,0.05626534718949918,1.2590162452929794,6.489160531786374,94.30973719238938,,0.46776611694152925,48.0,0.74,0.6049046321525886,True,True,True,/data/wangzheng/iJCV-CODE/data/OnlineHMR_work_v1/runs/egobody/attempt02/line088/onlinehmr.evaluation.json,21165
89,egobody_recording_20220312_S29_S28_02_medium_kinect_15_kinect_12_b01761,recording_20220312_S29_S28_02,,medium,success,success,,505.4097366333008,3,220.11453957062068,308.74844957664624,42.29888246362727,22.020709457569193,52.40274393668586,221.2467654880388,308.74844957664624,0.12919846340020932,0.17425282060371813,0.0398663202038424,0.5549222551508245,2.900347760388301,41.17327453696249,,0.27796610169491526,1.0,0.28,0.2896551724137931,True,True,True,/data/wangzheng/iJCV-CODE/data/OnlineHMR_work_v1/runs/egobody/attempt02/line089/onlinehmr.evaluation.json,20727
90,egobody_recording_20220312_S29_S28_02_small_kinect_11_kinect_15_b01761,recording_20220312_S29_S28_02,,small,success,success,,495.4072985649109,3,379.6617409965842,281.7994677975032,54.27897723248696,26.003625044228084,67.00109357410905,378.6039578295384,281.7994677975032,0.06382819406067289,0.12476505826508347,0.019378081799152996,0.210621687841331,1.4642015044199685,15.483060552577443,,0.48986486486486486,1.0,0.49,0.5034246575342466,True,True,True,/data/wangzheng/iJCV-CODE/data/OnlineHMR_work_v1/runs/egobody/attempt02/line090/onlinehmr.evaluation.json,21044
91,egobody_recording_20220312_S29_S28_03_extreme_kinect_15_kinect_14_b03281,recording_20220312_S29_S28_03,,extreme,success,success,,570.470517873764,4,1530.2565937162187,831.3008476555775,120.48717477579996,34.227941177172916,149.76054255089508,1527.9167653233724,831.3008476555775,0.19804563241482495,0.5261270997657037,0.05613937131954779,1.263604798425643,4.606838153903998,94.33843780384808,,0.3564954682779456,12.0,0.7266666666666667,0.6022099447513812,True,True,True,/data/wangzheng/iJCV-CODE/data/OnlineHMR_work_v1/runs/egobody/attempt02/line091/onlinehmr.evaluation.json,21091
92,egobody_recording_20220312_S29_S28_03_medium_kinect_15_kinect_12_b03281,recording_20220312_S29_S28_03,,medium,success,success,,550.4581303596497,4,790.7355825856322,390.9242955326257,61.491323726062745,29.40328891057654,75.08305351252109,790.4638418763979,390.9242955326257,0.13068122709959723,0.26730372640047617,0.038506050789895524,0.5572849180695968,2.964679205080134,41.218073163402636,,0.4856661045531197,1.0,0.4866666666666667,0.49829351535836175,True,True,True,/data/wangzheng/iJCV-CODE/data/OnlineHMR_work_v1/runs/egobody/attempt02/line092/onlinehmr.evaluation.json,20798
93,egobody_recording_20220312_S29_S28_03_small_kinect_11_kinect_15_b03281,recording_20220312_S29_S28_03,,small,success,success,,555.4656639099121,3,332.58521623997143,255.13964647684384,54.152591123652876,25.393023830386927,67.81471949534595,335.5771458359716,255.13964647684384,0.06416402207642181,0.15047446594397376,0.019238368852063828,0.20940632846957052,1.4640233210798725,15.527299477521224,,0.48903878583473864,3.0,0.49666666666666665,0.5085324232081911,True,True,True,/data/wangzheng/iJCV-CODE/data/OnlineHMR_work_v1/runs/egobody/attempt02/line093/onlinehmr.evaluation.json,21221
94,egobody_recording_20220312_S29_S28_04_extreme_kinect_14_kinect_15_b04816,recording_20220312_S29_S28_04,,extreme,success,success,,600.4855344295502,11,2022.8425682846448,754.4913123024901,116.21583944002013,59.485636230258564,138.96410435238607,2022.9740969762383,754.4913123024901,0.19821213764208717,0.4257723732624956,0.052262271696580494,1.2619436530308574,6.243903730935216,94.28985312290914,,0.21338912133891214,45.0,0.61,0.27896341463414637,True,True,True,/data/wangzheng/iJCV-CODE/data/OnlineHMR_work_v1/runs/egobody/attempt02/line094/onlinehmr.evaluation.json,21025
95,egobody_recording_20220312_S29_S28_04_medium_kinect_12_kinect_15_b04816,recording_20220312_S29_S28_04,,medium,success,success,,540.446076631546,3,,,123.00193656061218,68.55702653471079,154.1316678373923,,693.2333884947022,0.1303527449992867,0.3796662259140586,,,,,,0.2711864406779661,23.0,0.31333333333333335,0.32413793103448274,False,False,True,/data/wangzheng/iJCV-CODE/data/OnlineHMR_work_v1/runs/egobody/attempt02/line095/onlinehmr.evaluation.json,19351
96,egobody_recording_20220312_S29_S28_04_small_kinect_15_kinect_11_b04816,recording_20220312_S29_S28_04,,small,success,success,,515.4070837497711,3,153.83980253183054,168.41952392735732,56.32647847386727,35.88387670162013,67.00239217592534,155.2622231741786,168.41952392735732,0.06402286235184776,0.09037133915451515,0.019012726955779182,0.20896969107021396,1.4489328640507244,15.533481661900762,,0.28330522765598654,1.0,0.2866666666666667,0.2935153583617747,True,True,True,/data/wangzheng/iJCV-CODE/data/OnlineHMR_work_v1/runs/egobody/attempt02/line096/onlinehmr.evaluation.json,21099
97,egobody_recording_20220312_S29_S28_05_extreme_kinect_15_kinect_14_b02786,recording_20220312_S29_S28_05,,extreme,success,success,,545.4418139457703,4,1420.666256406435,877.0223324716882,130.04507565640995,78.21429894729708,162.56362120971687,1422.7955932629206,877.0223324716882,0.19892741575541079,0.3586791081015877,0.05749948052695929,1.2675813552672412,4.514906005169318,94.26300623431062,,0.649546827794562,17.0,0.8033333333333333,0.6657458563535912,True,True,True,/data/wangzheng/iJCV-CODE/data/OnlineHMR_work_v1/runs/egobody/attempt02/line097/onlinehmr.evaluation.json,21090
98,egobody_recording_20220312_S29_S28_05_medium_kinect_15_kinect_12_b02786,recording_20220312_S29_S28_05,,medium,success,success,,525.4506549835205,3,760.5812311173645,506.46700682619445,118.24003538883208,78.96683347951316,139.49147350896706,762.6721110748247,506.46700682619445,0.1297506488211285,0.1499443196626681,0.03941251874832493,0.5577473569357955,2.904090743907173,41.12078064915355,2174.8285224676006,0.5622895622895623,7.0,0.5733333333333334,0.5850340136054422,True,True,True,/data/wangzheng/iJCV-CODE/data/OnlineHMR_work_v1/runs/egobody/attempt02/line098/onlinehmr.evaluation.json,20940
99,egobody_recording_20220312_S29_S28_05_small_kinect_11_kinect_15_b02786,recording_20220312_S29_S28_05,,small,success,success,,520.4302608966827,3,1196.345507824413,465.7600635609793,105.78690512691603,60.84816935441568,129.81438431883902,1204.939540261109,465.7600635609793,0.06367812940980508,0.10175100254149916,0.018324413953956814,0.21029658665113532,1.7463424467445225,15.410974935584152,,0.5028790786948176,2.0,0.49666666666666665,0.6742081447963801,True,True,True,/data/wangzheng/iJCV-CODE/data/OnlineHMR_work_v1/runs/egobody/attempt02/line099/onlinehmr.evaluation.json,21211
100,egobody_recording_20220318_S31_S32_01_extreme_kinect_14_kinect_11_b03185,recording_20220318_S31_S32_01,,extreme,success,success,,565.4554626941681,9,576.7408644581635,456.23339622264,74.44768848667917,39.12202372451455,92.47198205964958,577.1673910003434,456.23339622264,3.0173420609082147,3.618052192464044,0.04935429735025339,1.1843859761971995,7.241860154505773,177.47499086157393,,0.18845700824499412,23.0,0.3566666666666667,0.19489981785063754,True,True,True,/data/wangzheng/iJCV-CODE/data/OnlineHMR_work_v1/runs/egobody/attempt02/line100/onlinehmr.evaluation.json,20998
101,egobody_recording_20220318_S31_S32_01_medium_kinect_14_kinect_13_b03185,recording_20220318_S31_S32_01,,medium,success,success,,540.4483885765076,3,88.07881607093856,63.770149436878654,76.33610435776386,44.8787797953825,97.44375021464491,90.10464216434487,63.770149436878654,0.24027115094309304,0.2416635682059373,0.07280214579650385,1.287083492606086,5.408775664163262,95.03785065856674,,0.24324324324324326,1.0,0.24666666666666667,0.2534246575342466,True,True,True,/data/wangzheng/iJCV-CODE/data/OnlineHMR_work_v1/runs/egobody/attempt02/line101/onlinehmr.evaluation.json,20934
102,egobody_recording_20220318_S31_S32_01_small_kinect_11_kinect_12_b03185,recording_20220318_S31_S32_01,,small,success,success,,540.4367480278015,3,147.14671447203466,201.3654643835561,68.71182967592162,26.580484120019854,80.06384761111309,146.93236700113965,201.3654643835561,0.0547631912594337,0.15933702962580687,0.01672387630437022,0.22145455633400107,1.2950755596157226,15.938958358994578,,0.21140939597315436,1.0,0.21666666666666667,0.2195945945945946,True,True,True,/data/wangzheng/iJCV-CODE/data/OnlineHMR_work_v1/runs/egobody/attempt02/line102/onlinehmr.evaluation.json,20814
103,egobody_recording_20220318_S32_S31_01_extreme_kinect_11_kinect_14_b03251,recording_20220318_S32_S31_01,,extreme,success,success,,540.439855337143,5,1732.3377837520793,850.0510539705998,130.38034327979017,79.42937539692755,172.34179283844026,1733.3092990326834,850.0510539705998,0.6948993773608354,3.5937327497862066,0.051017093153099324,1.19956973428397,7.24623220374772,177.44895899209763,,0.3473541383989145,54.0,0.7266666666666667,0.4988558352402746,True,True,True,/data/wangzheng/iJCV-CODE/data/OnlineHMR_work_v1/runs/egobody/attempt02/line103/onlinehmr.evaluation.json,20988
104,egobody_recording_20220318_S32_S31_01_medium_kinect_13_kinect_14_b03251,recording_20220318_S32_S31_01,,medium,success,success,,550.4389538764954,3,1248.533305490565,420.5360066824503,66.15411535758703,42.3435684185914,83.30730974591737,1248.6407380900594,420.5360066824503,0.2385514610997517,0.23619013157864932,0.07236138690397681,1.2909386789141921,5.283996240237346,94.86230120199279,,0.488135593220339,1.0,0.4866666666666667,0.503448275862069,True,True,True,/data/wangzheng/iJCV-CODE/data/OnlineHMR_work_v1/runs/egobody/attempt02/line104/onlinehmr.evaluation.json,20998
105,egobody_recording_20220318_S32_S31_01_small_kinect_11_kinect_12_b03251,recording_20220318_S32_S31_01,,small,success,success,,540.4361774921417,3,663.888159690486,367.02792551785717,52.473446228610804,29.178483497901123,63.574243667392686,663.854201979501,367.02792551785717,0.05610078481782257,0.15603110758770705,0.017834941580238847,0.22311168327926797,1.2798060339584045,15.791022411153993,,0.734006734006734,1.0,0.7333333333333333,0.7482993197278912,True,True,True,/data/wangzheng/iJCV-CODE/data/OnlineHMR_work_v1/runs/egobody/attempt02/line105/onlinehmr.evaluation.json,20912
106,egobody_recording_20220318_S32_S31_02_extreme_kinect_14_kinect_11_b03001,recording_20220318_S32_S31_02,,extreme,success,success,,530.4314935207367,6,1037.2076934562895,373.9247082775349,75.00736558087421,39.16846407013916,94.56476517223284,1047.6342422759271,373.9247082775349,3.162842238891635,3.61767175072724,0.04942585479906397,1.184530021311043,7.242968311548495,177.46689588177878,,0.40333796940194716,1.0,0.49,0.35083532219570407,True,True,True,/data/wangzheng/iJCV-CODE/data/OnlineHMR_work_v1/runs/egobody/attempt02/line106/onlinehmr.evaluation.json,20936
107,egobody_recording_20220318_S32_S31_02_medium_kinect_13_kinect_14_b03001,recording_20220318_S32_S31_02,,medium,success,success,,535.4353256225586,4,1621.0487121138044,434.6073232337075,72.81738392685479,39.245047991725784,94.1618714106168,1618.642382188046,434.6073232337075,0.23920425880790153,0.24273539508528955,0.0711635962110443,1.2857670092975086,5.368036411060069,95.05905766419617,,0.48494983277591974,1.0,0.49,0.49328859060402686,True,True,True,/data/wangzheng/iJCV-CODE/data/OnlineHMR_work_v1/runs/egobody/attempt02/line107/onlinehmr.evaluation.json,20955
108,egobody_recording_20220318_S32_S31_02_small_kinect_11_kinect_12_b03001,recording_20220318_S32_S31_02,,small,success,success,,525.4254138469696,3,673.2418267838599,328.32547458455906,64.52888283311144,32.40695585354064,78.45489330093883,671.5997661649707,328.32547458455906,0.0564120419558577,0.11975758196167438,0.017767880100018656,0.2203296464642359,1.2787078142391481,15.891991970926759,,0.7386172006745363,1.0,0.7366666666666667,0.7542662116040956,True,True,True,/data/wangzheng/iJCV-CODE/data/OnlineHMR_work_v1/runs/egobody/attempt02/line108/onlinehmr.evaluation.json,20935
109,egobody_recording_20220318_S33_S34_01_extreme_kinect_14_kinect_11_b03921,recording_20220318_S33_S34_01,,extreme,success,success,,500.41246914863586,3,983.5829277193569,511.8346044050034,100.07550182263853,40.20799035400326,122.69574132487539,985.4700216472581,511.8346044050034,2.548743416295263,3.6166841369479865,0.04967354139047419,1.185168850703314,7.243895301364199,177.4159420594383,,0.34459459459459457,1.0,0.3466666666666667,0.3561643835616438,True,True,True,/data/wangzheng/iJCV-CODE/data/OnlineHMR_work_v1/runs/egobody/attempt02/line109/onlinehmr.evaluation.json,21001
110,egobody_recording_20220318_S33_S34_01_medium_kinect_13_kinect_14_b03921,recording_20220318_S33_S34_01,,medium,success,success,,525.4437642097473,3,1799.9077273458818,535.6005882896445,84.20635902792118,39.70388386363434,101.89742909004765,1800.6040825906384,535.6005882896445,0.24181143202624725,0.27648647782441915,0.06735028745552704,1.3019871501991152,6.79123105838549,94.88432066464254,,0.6101694915254238,1.0,0.6066666666666667,0.6275862068965518,True,True,True,/data/wangzheng/iJCV-CODE/data/OnlineHMR_work_v1/runs/egobody/attempt02/line110/onlinehmr.evaluation.json,21001
111,egobody_recording_20220318_S33_S34_01_small_kinect_12_kinect_11_b03921,recording_20220318_S33_S34_01,,small,success,success,,510.4059228897095,3,1040.3226425246316,251.76963964970426,60.730580120005264,38.24354923066795,74.59151665984041,1040.3799016672133,251.76963964970426,0.05738211845696597,0.17727049108400736,0.016003117068192352,0.21907447269704766,1.5236543444008668,16.111014252394813,,0.5868465430016864,1.0,0.5866666666666667,0.6006825938566553,True,True,True,/data/wangzheng/iJCV-CODE/data/OnlineHMR_work_v1/runs/egobody/attempt02/line111/onlinehmr.evaluation.json,20810
112,egobody_recording_20220318_S33_S34_02_extreme_kinect_11_kinect_14_b03381,recording_20220318_S33_S34_02,,extreme,success,success,,505.4213721752167,3,1838.1432995737719,210.17508646170293,77.65103277083927,46.09264259940625,101.84249502115661,1836.7543218829144,210.17508646170293,3.1950868647242654,3.6156219708189017,0.051132707630946864,1.1987840552700055,7.244981568598034,177.41102863910223,,0.4822934232715008,1.0,0.48333333333333334,0.4948805460750853,True,True,True,/data/wangzheng/iJCV-CODE/data/OnlineHMR_work_v1/runs/egobody/attempt02/line112/onlinehmr.evaluation.json,20979
113,egobody_recording_20220318_S33_S34_02_medium_kinect_14_kinect_13_b03381,recording_20220318_S33_S34_02,,medium,success,success,,505.42735600471497,3,3122.7700966844513,568.6899832540385,74.5788616065748,40.80299744245089,92.83376155395356,3120.687109468516,568.6899832540385,0.24294081022371117,0.3332883992880085,0.07718361384191731,1.2918781072346393,8.103136552301875,95.04563964592946,,0.5337837837837838,1.0,0.5333333333333333,0.547945205479452,True,True,True,/data/wangzheng/iJCV-CODE/data/OnlineHMR_work_v1/runs/egobody/attempt02/line113/onlinehmr.evaluation.json,20975
114,egobody_recording_20220318_S33_S34_02_small_kinect_12_kinect_11_b03381,recording_20220318_S33_S34_02,,small,success,success,,505.4167160987854,3,560.1658236553081,314.10857163792036,60.49254880168664,29.591487919060732,75.66032664890639,563.0493244835126,314.10857163792036,0.09524712994011217,0.18411697960936801,0.019360980468714546,0.22334762015484394,1.2935236905387322,15.993740283619612,,0.7284991568296796,1.0,0.7266666666666667,0.7440273037542662,True,True,True,/data/wangzheng/iJCV-CODE/data/OnlineHMR_work_v1/runs/egobody/attempt02/line114/onlinehmr.evaluation.json,20814
115,egobody_recording_20220318_S34_S33_01_extreme_kinect_11_kinect_14_b02656,recording_20220318_S34_S33_01,,extreme,success,success,,485.3956673145294,5,,,305.60336635585105,68.27876192392982,368.8675053663733,,808.6201680443471,1.7331063886716769,3.6132873646193646,,,,,,0.31736526946107785,43.0,0.49,0.39945652173913043,False,False,True,/data/wangzheng/iJCV-CODE/data/OnlineHMR_work_v1/runs/egobody/attempt02/line115/onlinehmr.evaluation.json,19582
116,egobody_recording_20220318_S34_S33_01_medium_kinect_14_kinect_13_b02656,recording_20220318_S34_S33_01,,medium,success,success,,510.4242465496063,3,69.48960027171174,63.87465068951285,108.3075176593286,58.65355272013403,124.94906866432225,69.54834076600362,63.87465068951285,0.24047090933181448,0.23864818953645178,0.0737118928491326,1.2853019015930902,5.3019434865825,94.93443966645194,,0.24283305227655985,1.0,0.24666666666666667,0.2525597269624573,True,True,True,/data/wangzheng/iJCV-CODE/data/OnlineHMR_work_v1/runs/egobody/attempt02/line116/onlinehmr.evaluation.json,20949
117,egobody_recording_20220318_S34_S33_01_small_kinect_12_kinect_11_b02656,recording_20220318_S34_S33_01,,small,success,success,,510.42994451522827,3,,,,,,,,0.05549456868337877,0.18490831333875637,,,,,,0.0,0.0,0.0,0.0,False,False,True,/data/wangzheng/iJCV-CODE/data/OnlineHMR_work_v1/runs/egobody/attempt02/line117/onlinehmr.evaluation.json,18353
118,egobody_recording_20220318_S34_S33_02_extreme_kinect_11_kinect_14_b04321,recording_20220318_S34_S33_02,,extreme,success,success,,505.4230124950409,3,,,97.76426911208006,49.58820143387197,130.36170062739984,,80.35332611990279,2.7691850804969733,3.6154587856092775,,,,,,0.11409395973154363,1.0,0.12,0.12162162162162163,False,False,True,/data/wangzheng/iJCV-CODE/data/OnlineHMR_work_v1/runs/egobody/attempt02/line118/onlinehmr.evaluation.json,19590
119,egobody_recording_20220318_S34_S33_02_medium_kinect_13_kinect_14_b04321,recording_20220318_S34_S33_02,,medium,success,success,,515.4283056259155,3,1348.1951258961649,414.0627831852767,81.73499802356665,40.322236874922496,104.56193979811057,,414.0627831852767,0.23989842023317565,0.23729650783910036,,,,,,0.2799325463743676,0.0,0.27666666666666667,0.2832764505119454,True,True,True,/data/wangzheng/iJCV-CODE/data/OnlineHMR_work_v1/runs/egobody/attempt02/line119/onlinehmr.evaluation.json,19762
120,egobody_recording_20220318_S34_S33_02_small_kinect_12_kinect_11_b04321,recording_20220318_S34_S33_02,,small,success,success,,510.42421793937683,3,646.9637556024321,262.3532950299114,58.08194500776294,31.251855142225374,68.0670868830029,,262.3532950299114,0.05839046582469533,0.1635131440255112,,,,,,0.1476510067114094,0.0,0.14666666666666667,0.14864864864864866,True,True,True,/data/wangzheng/iJCV-CODE/data/OnlineHMR_work_v1/runs/egobody/attempt02/line120/onlinehmr.evaluation.json,19562
121,egobody_recording_20220318_S34_S33_03_extreme_kinect_11_kinect_14_b03186,recording_20220318_S34_S33_03,,extreme,success,success,,510.4199652671814,3,1018.6340545768752,278.69268056454814,87.57640557073213,44.540898864800326,109.29244491379637,1505.804128707952,278.69268056454814,1.1983884686161639,3.6011002407854797,0.0517496196571502,1.2014615973912233,7.251100862148891,177.42883331967485,,0.4856661045531197,2.0,0.4866666666666667,0.49829351535836175,True,True,True,/data/wangzheng/iJCV-CODE/data/OnlineHMR_work_v1/runs/egobody/attempt02/line121/onlinehmr.evaluation.json,20995
122,egobody_recording_20220318_S34_S33_03_medium_kinect_14_kinect_13_b03186,recording_20220318_S34_S33_03,,medium,success,success,,510.4142117500305,3,2867.3989209154793,460.9618046542187,77.26028912413673,37.850288996199595,96.30023140619595,2866.282096658424,460.9618046542187,0.2417938870023677,0.2568157091529059,0.07301334750232578,1.2835495842954185,8.079455860504062,95.08316396463017,,0.4966216216216216,1.0,0.49666666666666665,0.5102739726027398,True,True,True,/data/wangzheng/iJCV-CODE/data/OnlineHMR_work_v1/runs/egobody/attempt02/line122/onlinehmr.evaluation.json,21003
123,egobody_recording_20220318_S34_S33_03_small_kinect_11_kinect_12_b03186,recording_20220318_S34_S33_03,,small,success,success,,525.4270555973053,3,1036.9334916570028,350.3325305234373,72.40899261870103,39.407905479689276,88.34447740832191,585.6171063137684,350.3325305234373,0.056393278932102386,0.125476798941815,0.018849726784676852,0.2271842455700844,1.2748430418441663,15.725462539556904,,0.7407407407407407,2.0,0.74,0.7551020408163265,True,True,True,/data/wangzheng/iJCV-CODE/data/OnlineHMR_work_v1/runs/egobody/attempt02/line123/onlinehmr.evaluation.json,20859
124,egobody_recording_20220415_S35_S36_01_extreme_kinect_14_kinect_13_b02261,recording_20220415_S35_S36_01,,extreme,success,success,,525.4474322795868,4,1527.9970457304555,923.4415179250508,119.90976729743839,50.73399261097832,153.6855061420338,1529.344388622251,923.4415179250508,0.20598369048698079,0.4506570500467005,0.061025286464234954,1.9456405036985454,4.627961941149469,144.9380545148494,2751.922463587932,0.6107784431137725,27.0,0.9866666666666667,0.8043478260869565,True,True,True,/data/wangzheng/iJCV-CODE/data/OnlineHMR_work_v1/runs/egobody/attempt02/line124/onlinehmr.evaluation.json,21197
125,egobody_recording_20220415_S35_S36_01_medium_kinect_15_kinect_13_b02261,recording_20220415_S35_S36_01,,medium,success,success,,520.4378793239594,3,2792.8818614692073,544.0596330495074,76.8395273950079,30.93195903159653,93.98655020883464,2792.6073517806817,544.0596330495074,0.16958245226382682,0.4165424933590243,0.05003818521951921,0.9641372784870851,5.271861630528255,72.01778218137387,,0.6372881355932203,1.0,0.6333333333333333,0.6551724137931034,True,True,True,/data/wangzheng/iJCV-CODE/data/OnlineHMR_work_v1/runs/egobody/attempt02/line125/onlinehmr.evaluation.json,20994
126,egobody_recording_20220415_S35_S36_01_small_kinect_11_kinect_12_b02261,recording_20220415_S35_S36_01,,small,success,success,,450.36840772628784,3,529.2956438891656,405.5953499704678,58.95378488837621,25.271165671239935,72.95945061874897,529.6600000307847,405.5953499704678,0.07090831050834646,0.09501260880214024,0.02169620127554278,0.34103546547350566,1.4986824395826814,24.920526490305477,847.3841037357,0.9831649831649831,1.0,0.98,1.0,True,True,True,/data/wangzheng/iJCV-CODE/data/OnlineHMR_work_v1/runs/egobody/attempt02/line126/onlinehmr.evaluation.json,20878
127,egobody_recording_20220415_S35_S36_02_extreme_kinect_13_kinect_14_b02241,recording_20220415_S35_S36_02,,extreme,success,success,,480.3902654647827,5,1560.9472069784865,790.4859070067578,172.4930665032805,66.05371326214147,228.52794380974353,1561.4427927860847,790.4859070067578,0.20564680870385846,0.39176167764364606,0.061463860394179136,1.954464097268084,4.617591302337406,144.94588248974276,727.0186538950057,0.5148247978436657,57.0,0.9733333333333334,0.6606334841628959,True,True,True,/data/wangzheng/iJCV-CODE/data/OnlineHMR_work_v1/runs/egobody/attempt02/line127/onlinehmr.evaluation.json,21170
128,egobody_recording_20220415_S35_S36_02_medium_kinect_13_kinect_15_b02241,recording_20220415_S35_S36_02,,medium,success,success,,465.4026908874512,3,1445.9726642217388,665.286302994388,75.21736919036731,42.39714550745892,94.66191459496194,1445.8079663923695,665.286302994388,0.17207532009837195,0.35309655930810846,0.05108862488819048,0.9665876541542785,3.8659173465650802,72.0387354709285,,0.9427609427609428,1.0,0.94,0.9591836734693877,True,True,True,/data/wangzheng/iJCV-CODE/data/OnlineHMR_work_v1/runs/egobody/attempt02/line128/onlinehmr.evaluation.json,20943
129,egobody_recording_20220415_S35_S36_02_small_kinect_11_kinect_12_b02241,recording_20220415_S35_S36_02,,small,success,success,,465.37882471084595,3,549.9712427464954,400.4518820663998,69.53486401480986,38.144997831742586,86.08485676079886,550.0975519607838,400.4518820663998,0.07039600476892019,0.09380779273382428,0.022355638776092073,0.34246693208861,1.4844184403839888,24.885932487494888,717.3546124223727,0.9865771812080537,1.0,0.9866666666666667,1.0,True,True,True,/data/wangzheng/iJCV-CODE/data/OnlineHMR_work_v1/runs/egobody/attempt02/line129/onlinehmr.evaluation.json,20996
