angle_stratum,scope,metric,estimate,ci95_low,ci95_high,available_clusters,total_clusters,bootstrap_samples,seed,availability_policy
,case-macro,W-MPJPE_mm,750.8254205064526,518.7863884044448,1031.1313901079827,30,88,10000,20260903,finite clusters only; no missing-geometry imputation
,case-macro,WA-MPJPE_mm,335.8690206243196,272.104849125017,418.45948365216566,30,88,10000,20260903,finite clusters only; no missing-geometry imputation
,case-macro,MPJPE_mm,240.9099490691439,214.23093936635837,268.03135740790134,69,88,10000,20260903,finite clusters only; no missing-geometry imputation
,case-macro,PA-MPJPE_mm,103.98582969401423,94.60448020059293,113.77611513644676,69,88,10000,20260903,finite clusters only; no missing-geometry imputation
,case-macro,MPVPE_mm,304.71932979873515,270.65858108070586,338.8097751821193,69,88,10000,20260903,finite clusters only; no missing-geometry imputation
,case-macro,AdapterShared-W-MPJPE_mm,1256.1110413840001,1013.4015878525666,1526.8780951691006,30,88,10000,20260903,finite clusters only; no missing-geometry imputation
,case-macro,AdapterShared-WA-MPJPE_mm,380.2247318709115,335.1469295854583,430.69426839993366,69,88,10000,20260903,finite clusters only; no missing-geometry imputation
,case-macro,ATE-Sim3_m,1.3643359839415625,1.1650556831951033,1.5691119558651998,88,88,10000,20260903,finite clusters only; no missing-geometry imputation
,case-macro,ATE-SE3_m,2.0155735125972516,1.7247442997205462,2.3186646240151036,88,88,10000,20260903,finite clusters only; no missing-geometry imputation
,case-macro,RPE-translation_m,0.03126967709209023,0.025832490560860087,0.036881191260436166,30,88,10000,20260903,finite clusters only; no missing-geometry imputation
,case-macro,RPE-rotation_deg,0.5539517762671934,0.42595086856201814,0.6857020931206576,30,88,10000,20260903,finite clusters only; no missing-geometry imputation
,case-macro,Camera-seam-translation_m,4.0843610570886035,3.1966758838501006,5.005096453026644,30,88,10000,20260903,finite clusters only; no missing-geometry imputation
,case-macro,Camera-seam-rotation_deg,79.09739953595573,59.02764220720476,99.9226750073468,30,88,10000,20260903,finite clusters only; no missing-geometry imputation
,case-macro,Human-seam_mm,713.390175507525,251.98799380985383,1239.0404155678175,6,88,10000,20260903,finite clusters only; no missing-geometry imputation
,case-macro,IDF1,0.06797072604731207,0.04829538698219854,0.09054528589423716,88,88,10000,20260903,finite clusters only; no missing-geometry imputation
,case-macro,IDs,7.488636363636363,4.851988636363637,10.715909090909092,88,88,10000,20260903,finite clusters only; no missing-geometry imputation
,case-macro,Coverage,0.15856060606060607,0.11424242424242426,0.2090539772727273,88,88,10000,20260903,finite clusters only; no missing-geometry imputation
,case-macro,Precision,0.0715689835623479,0.04807792813618872,0.09966463453320652,88,88,10000,20260903,finite clusters only; no missing-geometry imputation
,independent-unit-macro,W-MPJPE_mm,682.6533696719035,510.8080967711601,866.4886005784624,14,25,10000,20260903,finite clusters only; no missing-geometry imputation
,independent-unit-macro,WA-MPJPE_mm,333.51211664580677,273.18958345899114,393.54508639191147,14,25,10000,20260903,finite clusters only; no missing-geometry imputation
,independent-unit-macro,MPJPE_mm,251.40706401031798,217.47156577096817,284.6230059934536,21,25,10000,20260903,finite clusters only; no missing-geometry imputation
,independent-unit-macro,PA-MPJPE_mm,107.08829595844587,95.76769472831123,118.38523534191597,21,25,10000,20260903,finite clusters only; no missing-geometry imputation
,independent-unit-macro,MPVPE_mm,319.4690179270815,274.46016288687696,364.6644408359151,21,25,10000,20260903,finite clusters only; no missing-geometry imputation
,independent-unit-macro,AdapterShared-W-MPJPE_mm,1137.0103045175454,822.7943627636988,1481.6234136765702,14,25,10000,20260903,finite clusters only; no missing-geometry imputation
,independent-unit-macro,AdapterShared-WA-MPJPE_mm,367.6482694064433,305.7386148162799,434.6447674425115,21,25,10000,20260903,finite clusters only; no missing-geometry imputation
,independent-unit-macro,ATE-Sim3_m,1.4126055581700703,1.2431448777243619,1.5853719784395615,25,25,10000,20260903,finite clusters only; no missing-geometry imputation
,independent-unit-macro,ATE-SE3_m,2.2796697678850237,1.8433759488277957,2.811508447770842,25,25,10000,20260903,finite clusters only; no missing-geometry imputation
,independent-unit-macro,RPE-translation_m,0.03164244510454794,0.026353418015021144,0.03703198473174307,14,25,10000,20260903,finite clusters only; no missing-geometry imputation
,independent-unit-macro,RPE-rotation_deg,0.5429885558053555,0.42393070627703583,0.6611875809568307,14,25,10000,20260903,finite clusters only; no missing-geometry imputation
,independent-unit-macro,Camera-seam-translation_m,4.083068448029408,3.1818145710544297,4.9928594682188905,14,25,10000,20260903,finite clusters only; no missing-geometry imputation
,independent-unit-macro,Camera-seam-rotation_deg,77.16096193787288,57.92985336854413,95.98090708873535,14,25,10000,20260903,finite clusters only; no missing-geometry imputation
,independent-unit-macro,Human-seam_mm,1066.6149503180225,360.1654006970275,1633.375832705875,3,25,10000,20260903,finite clusters only; no missing-geometry imputation
,independent-unit-macro,IDF1,0.059814238921634615,0.03156492720234369,0.09830590376245524,25,25,10000,20260903,finite clusters only; no missing-geometry imputation
,independent-unit-macro,IDs,6.59,3.18,11.21,25,25,10000,20260903,finite clusters only; no missing-geometry imputation
,independent-unit-macro,Coverage,0.13953333333333334,0.07459916666666665,0.2251033333333333,25,25,10000,20260903,finite clusters only; no missing-geometry imputation
,independent-unit-macro,Precision,0.06298070553486614,0.029849490963437683,0.11321757779915906,25,25,10000,20260903,finite clusters only; no missing-geometry imputation
extreme,case-macro,W-MPJPE_mm,1264.5515546877828,692.2355016883462,1979.1386416241714,10,25,10000,20260903,finite clusters only; no missing-geometry imputation
extreme,case-macro,WA-MPJPE_mm,446.4585355468045,312.3216972375175,648.3692458359335,10,25,10000,20260903,finite clusters only; no missing-geometry imputation
extreme,case-macro,MPJPE_mm,243.62535583153013,195.36723953044768,293.8352645195714,20,25,10000,20260903,finite clusters only; no missing-geometry imputation
extreme,case-macro,PA-MPJPE_mm,96.18601651639425,82.31726204588915,111.02049319210779,20,25,10000,20260903,finite clusters only; no missing-geometry imputation
extreme,case-macro,MPVPE_mm,306.99747434605877,243.17378326069084,373.0019489685794,20,25,10000,20260903,finite clusters only; no missing-geometry imputation
extreme,case-macro,AdapterShared-W-MPJPE_mm,1466.0811894705566,896.45768991002,2134.5127816674863,10,25,10000,20260903,finite clusters only; no missing-geometry imputation
extreme,case-macro,AdapterShared-WA-MPJPE_mm,384.5900241158837,282.4610011011466,506.23384889596235,20,25,10000,20260903,finite clusters only; no missing-geometry imputation
extreme,case-macro,ATE-Sim3_m,2.0631734323154403,1.6933404862564114,2.4142182876889997,25,25,10000,20260903,finite clusters only; no missing-geometry imputation
extreme,case-macro,ATE-SE3_m,3.5167640077064446,3.0345794373599952,3.966864226600707,25,25,10000,20260903,finite clusters only; no missing-geometry imputation
extreme,case-macro,RPE-translation_m,0.04864972323563116,0.0427189736387067,0.05400981818874698,10,25,10000,20260903,finite clusters only; no missing-geometry imputation
extreme,case-macro,RPE-rotation_deg,1.0137042263726417,1.0102814414304124,1.016793070490746,10,25,10000,20260903,finite clusters only; no missing-geometry imputation
extreme,case-macro,Camera-seam-translation_m,6.913451962268697,6.041267488036484,7.671439942080661,10,25,10000,20260903,finite clusters only; no missing-geometry imputation
extreme,case-macro,Camera-seam-rotation_deg,150.28492099373216,149.90452710784828,150.62011371389795,10,25,10000,20260903,finite clusters only; no missing-geometry imputation
extreme,case-macro,Human-seam_mm,861.732020864888,90.08820902390117,1633.375832705875,2,25,10000,20260903,finite clusters only; no missing-geometry imputation
extreme,case-macro,IDF1,0.06667358695064214,0.03598522919674806,0.1053458912255302,25,25,10000,20260903,finite clusters only; no missing-geometry imputation
extreme,case-macro,IDs,9.0,2.999000000000001,17.76,25,25,10000,20260903,finite clusters only; no missing-geometry imputation
extreme,case-macro,Coverage,0.16240000000000002,0.08759666666666667,0.2558666666666667,25,25,10000,20260903,finite clusters only; no missing-geometry imputation
extreme,case-macro,Precision,0.07670229091418981,0.03391783608099671,0.14363451596570606,25,25,10000,20260903,finite clusters only; no missing-geometry imputation
extreme,independent-unit-macro,W-MPJPE_mm,1264.5515546877828,702.1325281234564,1951.71483718132,10,25,10000,20260903,finite clusters only; no missing-geometry imputation
extreme,independent-unit-macro,WA-MPJPE_mm,446.4585355468045,313.6831103971513,645.6126928024979,10,25,10000,20260903,finite clusters only; no missing-geometry imputation
extreme,independent-unit-macro,MPJPE_mm,243.62535583153016,195.8946919040332,292.95271966705445,20,25,10000,20260903,finite clusters only; no missing-geometry imputation
extreme,independent-unit-macro,PA-MPJPE_mm,96.18601651639425,82.49368735170826,110.81611029999488,20,25,10000,20260903,finite clusters only; no missing-geometry imputation
extreme,independent-unit-macro,MPVPE_mm,306.99747434605877,243.58044876118316,372.03684011410456,20,25,10000,20260903,finite clusters only; no missing-geometry imputation
extreme,independent-unit-macro,AdapterShared-W-MPJPE_mm,1466.0811894705566,887.3156199630558,2130.3488924595054,10,25,10000,20260903,finite clusters only; no missing-geometry imputation
extreme,independent-unit-macro,AdapterShared-WA-MPJPE_mm,384.59002411588375,283.2567016865514,503.8293465592617,20,25,10000,20260903,finite clusters only; no missing-geometry imputation
extreme,independent-unit-macro,ATE-Sim3_m,2.0631734323154403,1.689955216777701,2.4137681611806077,25,25,10000,20260903,finite clusters only; no missing-geometry imputation
extreme,independent-unit-macro,ATE-SE3_m,3.5167640077064455,3.0352366896041896,3.9680016554437,25,25,10000,20260903,finite clusters only; no missing-geometry imputation
extreme,independent-unit-macro,RPE-translation_m,0.048649723235631145,0.042540800050594865,0.05397477872487088,10,25,10000,20260903,finite clusters only; no missing-geometry imputation
extreme,independent-unit-macro,RPE-rotation_deg,1.0137042263726417,1.0104023184940765,1.0166930661090237,10,25,10000,20260903,finite clusters only; no missing-geometry imputation
extreme,independent-unit-macro,Camera-seam-translation_m,6.913451962268697,6.011203177219629,7.666135509881901,10,25,10000,20260903,finite clusters only; no missing-geometry imputation
extreme,independent-unit-macro,Camera-seam-rotation_deg,150.2849209937322,149.9121384523785,150.6206015128662,10,25,10000,20260903,finite clusters only; no missing-geometry imputation
extreme,independent-unit-macro,Human-seam_mm,861.732020864888,90.08820902390117,1633.375832705875,2,25,10000,20260903,finite clusters only; no missing-geometry imputation
extreme,independent-unit-macro,IDF1,0.06667358695064213,0.0359875827689994,0.10578821590503554,25,25,10000,20260903,finite clusters only; no missing-geometry imputation
extreme,independent-unit-macro,IDs,9.0,2.96,17.72,25,25,10000,20260903,finite clusters only; no missing-geometry imputation
extreme,independent-unit-macro,Coverage,0.16240000000000002,0.08733000000000002,0.2561333333333333,25,25,10000,20260903,finite clusters only; no missing-geometry imputation
extreme,independent-unit-macro,Precision,0.07670229091418981,0.03415358312972272,0.1436289957557673,25,25,10000,20260903,finite clusters only; no missing-geometry imputation
large,case-macro,W-MPJPE_mm,816.5215433981746,458.80388444949165,1249.83440821739,5,21,10000,20260903,finite clusters only; no missing-geometry imputation
large,case-macro,WA-MPJPE_mm,377.3230432231656,256.12913093182635,517.1784260812967,5,21,10000,20260903,finite clusters only; no missing-geometry imputation
large,case-macro,MPJPE_mm,258.04291809972426,202.90517137794703,317.60591396584755,18,21,10000,20260903,finite clusters only; no missing-geometry imputation
large,case-macro,PA-MPJPE_mm,107.65729324469878,89.19171269357204,129.68013934413844,18,21,10000,20260903,finite clusters only; no missing-geometry imputation
large,case-macro,MPVPE_mm,324.4780203375117,256.1047973865969,395.6724228753373,18,21,10000,20260903,finite clusters only; no missing-geometry imputation
large,case-macro,AdapterShared-W-MPJPE_mm,1122.5728954400784,704.7803708560732,1643.3270079312801,5,21,10000,20260903,finite clusters only; no missing-geometry imputation
large,case-macro,AdapterShared-WA-MPJPE_mm,386.99008420082737,308.85746490261766,478.88162217163233,18,21,10000,20260903,finite clusters only; no missing-geometry imputation
large,case-macro,ATE-Sim3_m,1.9383824030762566,1.707692034815304,2.172327247349667,21,21,10000,20260903,finite clusters only; no missing-geometry imputation
large,case-macro,ATE-SE3_m,2.5561491810182675,2.3701753363208296,2.706337671418243,21,21,10000,20260903,finite clusters only; no missing-geometry imputation
large,case-macro,RPE-translation_m,0.03356273886053755,0.024286564810721716,0.04104109038844601,5,21,10000,20260903,finite clusters only; no missing-geometry imputation
large,case-macro,RPE-rotation_deg,0.6094562670270848,0.6039861977601313,0.6149632338087053,5,21,10000,20260903,finite clusters only; no missing-geometry imputation
large,case-macro,Camera-seam-translation_m,4.624282243618389,3.2726728068258724,5.674000504440092,5,21,10000,20260903,finite clusters only; no missing-geometry imputation
large,case-macro,Camera-seam-rotation_deg,89.77549745860068,89.11295588129292,90.42407951342746,5,21,10000,20260903,finite clusters only; no missing-geometry imputation
large,case-macro,Human-seam_mm,684.6976213585484,684.6976213585484,684.6976213585484,1,21,10000,20260903,finite clusters only; no missing-geometry imputation
large,case-macro,IDF1,0.06682470096457083,0.03159201119561017,0.10990759057631758,21,21,10000,20260903,finite clusters only; no missing-geometry imputation
large,case-macro,IDs,10.619047619047619,4.476190476190476,17.857142857142858,21,21,10000,20260903,finite clusters only; no missing-geometry imputation
large,case-macro,Coverage,0.17428571428571427,0.08507539682539682,0.28079365079365076,21,21,10000,20260903,finite clusters only; no missing-geometry imputation
large,case-macro,Precision,0.07904536606837868,0.032959649290783155,0.13884455395038475,21,21,10000,20260903,finite clusters only; no missing-geometry imputation
large,independent-unit-macro,W-MPJPE_mm,816.5215433981745,458.80388444949165,1249.4145420490574,5,21,10000,20260903,finite clusters only; no missing-geometry imputation
large,independent-unit-macro,WA-MPJPE_mm,377.32304322316554,253.49956294060155,508.2600070002903,5,21,10000,20260903,finite clusters only; no missing-geometry imputation
large,independent-unit-macro,MPJPE_mm,258.0429180997242,203.0234452442137,318.25921176456745,18,21,10000,20260903,finite clusters only; no missing-geometry imputation
large,independent-unit-macro,PA-MPJPE_mm,107.65729324469878,88.6782076003774,129.48941300973888,18,21,10000,20260903,finite clusters only; no missing-geometry imputation
large,independent-unit-macro,MPVPE_mm,324.4780203375117,256.3702998505707,395.8159113275336,18,21,10000,20260903,finite clusters only; no missing-geometry imputation
large,independent-unit-macro,AdapterShared-W-MPJPE_mm,1122.5728954400784,703.6393459276126,1634.2698815300246,5,21,10000,20260903,finite clusters only; no missing-geometry imputation
large,independent-unit-macro,AdapterShared-WA-MPJPE_mm,386.9900842008274,308.650362567653,478.76055549846,18,21,10000,20260903,finite clusters only; no missing-geometry imputation
large,independent-unit-macro,ATE-Sim3_m,1.9383824030762566,1.7074748684066472,2.16724284442765,21,21,10000,20260903,finite clusters only; no missing-geometry imputation
large,independent-unit-macro,ATE-SE3_m,2.5561491810182675,2.369988914034314,2.7042935993360078,21,21,10000,20260903,finite clusters only; no missing-geometry imputation
large,independent-unit-macro,RPE-translation_m,0.03356273886053755,0.02455823260944272,0.04084353517123224,5,21,10000,20260903,finite clusters only; no missing-geometry imputation
large,independent-unit-macro,RPE-rotation_deg,0.6094562670270848,0.6039861977601313,0.6149632338087053,5,21,10000,20260903,finite clusters only; no missing-geometry imputation
large,independent-unit-macro,Camera-seam-translation_m,4.624282243618388,3.2804233662000866,5.674000504440092,5,21,10000,20260903,finite clusters only; no missing-geometry imputation
large,independent-unit-macro,Camera-seam-rotation_deg,89.77549745860068,89.11269359987159,90.42357515021575,5,21,10000,20260903,finite clusters only; no missing-geometry imputation
large,independent-unit-macro,Human-seam_mm,684.6976213585484,684.6976213585484,684.6976213585484,1,21,10000,20260903,finite clusters only; no missing-geometry imputation
large,independent-unit-macro,IDF1,0.06682470096457083,0.03226118594691207,0.11093640131041939,21,21,10000,20260903,finite clusters only; no missing-geometry imputation
large,independent-unit-macro,IDs,10.619047619047619,4.666666666666667,18.142857142857142,21,21,10000,20260903,finite clusters only; no missing-geometry imputation
large,independent-unit-macro,Coverage,0.1742857142857143,0.08491666666666665,0.2834920634920635,21,21,10000,20260903,finite clusters only; no missing-geometry imputation
large,independent-unit-macro,Precision,0.07904536606837871,0.033584541801182456,0.13969867512368356,21,21,10000,20260903,finite clusters only; no missing-geometry imputation
medium,case-macro,W-MPJPE_mm,405.4284482045011,247.54609226077912,551.4142922359104,7,21,10000,20260903,finite clusters only; no missing-geometry imputation
medium,case-macro,WA-MPJPE_mm,284.1987757383454,177.59412873298191,380.65701151197965,7,21,10000,20260903,finite clusters only; no missing-geometry imputation
medium,case-macro,MPJPE_mm,215.04020177091678,154.06478624560458,281.99015946272624,14,21,10000,20260903,finite clusters only; no missing-geometry imputation
medium,case-macro,PA-MPJPE_mm,92.52816096834643,74.8192911094765,111.8034893493562,14,21,10000,20260903,finite clusters only; no missing-geometry imputation
medium,case-macro,MPVPE_mm,265.92887152439846,191.20425261316342,345.96194569057565,14,21,10000,20260903,finite clusters only; no missing-geometry imputation
medium,case-macro,AdapterShared-W-MPJPE_mm,1227.2556948860456,902.2750264513562,1599.7507202507325,7,21,10000,20260903,finite clusters only; no missing-geometry imputation
medium,case-macro,AdapterShared-WA-MPJPE_mm,420.8263186386202,342.41173321672295,502.38876579256083,14,21,10000,20260903,finite clusters only; no missing-geometry imputation
medium,case-macro,ATE-Sim3_m,1.2287186933764709,1.092189549643723,1.3595117725014305,21,21,10000,20260903,finite clusters only; no missing-geometry imputation
medium,case-macro,ATE-SE3_m,1.5219489533072539,1.412234092757474,1.6122622653884506,21,21,10000,20260903,finite clusters only; no missing-geometry imputation
medium,case-macro,RPE-translation_m,0.021894842798807945,0.01773689536592928,0.024692729439671282,7,21,10000,20260903,finite clusters only; no missing-geometry imputation
medium,case-macro,RPE-rotation_deg,0.30760481229899017,0.3037314366890846,0.31146523349005734,7,21,10000,20260903,finite clusters only; no missing-geometry imputation
medium,case-macro,Camera-seam-translation_m,2.9476624666835494,2.3173256125365334,3.368372982530891,7,21,10000,20260903,finite clusters only; no missing-geometry imputation
medium,case-macro,Camera-seam-rotation_deg,45.11762561999133,44.412573648714,45.81303765703314,7,21,10000,20260903,finite clusters only; no missing-geometry imputation
medium,case-macro,Human-seam_mm,861.073397438086,515.8431773250071,1206.303617551165,2,21,10000,20260903,finite clusters only; no missing-geometry imputation
medium,case-macro,IDF1,0.05392610750150874,0.020627892557416188,0.09948655252722702,21,21,10000,20260903,finite clusters only; no missing-geometry imputation
medium,case-macro,IDs,4.619047619047619,1.9523809523809523,7.809523809523809,21,21,10000,20260903,finite clusters only; no missing-geometry imputation
medium,case-macro,Coverage,0.1331746031746032,0.05555555555555556,0.22699206349206338,21,21,10000,20260903,finite clusters only; no missing-geometry imputation
medium,case-macro,Precision,0.04910101542335134,0.017613608061104034,0.09443374000071529,21,21,10000,20260903,finite clusters only; no missing-geometry imputation
medium,independent-unit-macro,W-MPJPE_mm,405.428448204501,244.61102112216687,550.7256460951205,7,21,10000,20260903,finite clusters only; no missing-geometry imputation
medium,independent-unit-macro,WA-MPJPE_mm,284.1987757383454,177.03077972274502,379.3575492830308,7,21,10000,20260903,finite clusters only; no missing-geometry imputation
medium,independent-unit-macro,MPJPE_mm,215.04020177091678,153.51823851420167,279.71908169364474,14,21,10000,20260903,finite clusters only; no missing-geometry imputation
medium,independent-unit-macro,PA-MPJPE_mm,92.52816096834644,74.54090688353838,111.36404372616109,14,21,10000,20260903,finite clusters only; no missing-geometry imputation
medium,independent-unit-macro,MPVPE_mm,265.9288715243984,190.18658881790577,343.73633450227766,14,21,10000,20260903,finite clusters only; no missing-geometry imputation
medium,independent-unit-macro,AdapterShared-W-MPJPE_mm,1227.2556948860456,903.2212375116027,1602.434529244733,7,21,10000,20260903,finite clusters only; no missing-geometry imputation
medium,independent-unit-macro,AdapterShared-WA-MPJPE_mm,420.8263186386202,342.4414391581816,502.819140251426,14,21,10000,20260903,finite clusters only; no missing-geometry imputation
medium,independent-unit-macro,ATE-Sim3_m,1.2287186933764709,1.089870726645776,1.3573653640566332,21,21,10000,20260903,finite clusters only; no missing-geometry imputation
medium,independent-unit-macro,ATE-SE3_m,1.5219489533072537,1.4083329717891289,1.6115316038565322,21,21,10000,20260903,finite clusters only; no missing-geometry imputation
medium,independent-unit-macro,RPE-translation_m,0.02189484279880794,0.01779319150203618,0.024692729439671282,7,21,10000,20260903,finite clusters only; no missing-geometry imputation
medium,independent-unit-macro,RPE-rotation_deg,0.30760481229899017,0.30383560786773417,0.31151262527384055,7,21,10000,20260903,finite clusters only; no missing-geometry imputation
medium,independent-unit-macro,Camera-seam-translation_m,2.94766246668355,2.317541217384856,3.3683680237975704,7,21,10000,20260903,finite clusters only; no missing-geometry imputation
medium,independent-unit-macro,Camera-seam-rotation_deg,45.11762561999132,44.42939977504524,45.82379387889523,7,21,10000,20260903,finite clusters only; no missing-geometry imputation
medium,independent-unit-macro,Human-seam_mm,861.073397438086,515.8431773250071,1206.303617551165,2,21,10000,20260903,finite clusters only; no missing-geometry imputation
medium,independent-unit-macro,IDF1,0.053926107501508724,0.02105892821122446,0.10048892716445847,21,21,10000,20260903,finite clusters only; no missing-geometry imputation
medium,independent-unit-macro,IDs,4.619047619047619,1.998809523809525,7.761904761904762,21,21,10000,20260903,finite clusters only; no missing-geometry imputation
medium,independent-unit-macro,Coverage,0.1331746031746032,0.056825396825396834,0.2285753968253968,21,21,10000,20260903,finite clusters only; no missing-geometry imputation
medium,independent-unit-macro,Precision,0.049101015423351324,0.017880059128685195,0.09531910734919771,21,21,10000,20260903,finite clusters only; no missing-geometry imputation
small,case-macro,W-MPJPE_mm,369.8300267366706,270.4053719087145,464.9880113842296,8,21,10000,20260903,finite clusters only; no missing-geometry imputation
small,case-macro,WA-MPJPE_mm,216.93482712216192,173.44156415304926,264.60720127014235,8,21,10000,20260903,finite clusters only; no missing-geometry imputation
small,case-macro,MPJPE_mm,240.87905991485022,199.84150605680182,283.3006633001306,17,21,10000,20260903,finite clusters only; no missing-geometry imputation
small,case-macro,PA-MPJPE_mm,118.7103756822159,99.06257274297666,139.78469023993904,17,21,10000,20260903,finite clusters only; no missing-geometry imputation
small,case-macro,MPVPE_mm,313.0632765749858,257.0660836637285,371.3381302454067,17,21,10000,20260903,finite clusters only; no missing-geometry imputation
small,case-macro,AdapterShared-W-MPJPE_mm,1102.3581256764664,679.0404371034012,1532.1650666554401,8,21,10000,20260903,finite clusters only; no missing-geometry imputation
small,case-macro,AdapterShared-WA-MPJPE_mm,334.4891788364496,256.4506099384235,426.7558067784686,17,21,10000,20260903,finite clusters only; no missing-geometry imputation
small,case-macro,ATE-Sim3_m,0.09395751206972568,0.05381653498612538,0.15027046387169224,21,21,10000,20260903,finite clusters only; no missing-geometry imputation
small,case-macro,ATE-SE3_m,0.18149086166957507,0.12368932405017814,0.24969261010152713,21,21,10000,20260903,finite clusters only; no missing-geometry imputation
small,case-macro,RPE-translation_m,0.01631443581400651,0.013025532204851647,0.020113042911678418,8,21,10000,20260903,finite clusters only; no missing-geometry imputation
small,case-macro,RPE-rotation_deg,0.1601245003826285,0.14028926026747035,0.17721841937523394,8,21,10000,20260903,finite clusters only; no missing-geometry imputation
small,case-macro,Camera-seam-translation_m,1.205157950636793,1.041834400953196,1.3688441654675465,8,21,10000,20260903,finite clusters only; no missing-geometry imputation
small,case-macro,Camera-seam-rotation_deg,13.171488688550955,12.454722783421888,13.935371864287356,8,21,10000,20260903,finite clusters only; no missing-geometry imputation
small,case-macro,Human-seam_mm,150.03259508065324,150.03259508065324,150.03259508065324,1,21,10000,20260903,finite clusters only; no missing-geometry imputation
small,case-macro,IDF1,0.084705582886178,0.03580302960839643,0.14433114958913112,21,21,10000,20260903,finite clusters only; no missing-geometry imputation
small,case-macro,IDs,5.428571428571429,2.1904761904761907,9.428571428571429,21,21,10000,20260903,finite clusters only; no missing-geometry imputation
small,case-macro,Coverage,0.16365079365079366,0.06952380952380953,0.2812738095238094,21,21,10000,20260903,finite clusters only; no missing-geometry imputation
small,case-macro,Precision,0.08044948901454946,0.03343304350854208,0.1398895558757709,21,21,10000,20260903,finite clusters only; no missing-geometry imputation
small,independent-unit-macro,W-MPJPE_mm,369.8300267366706,272.470133032922,467.57237258067215,8,21,10000,20260903,finite clusters only; no missing-geometry imputation
small,independent-unit-macro,WA-MPJPE_mm,216.9348271221619,173.7302746712223,265.6613009045776,8,21,10000,20260903,finite clusters only; no missing-geometry imputation
small,independent-unit-macro,MPJPE_mm,240.87905991485022,199.55820736593307,284.12698312491216,17,21,10000,20260903,finite clusters only; no missing-geometry imputation
small,independent-unit-macro,PA-MPJPE_mm,118.71037568221591,98.86862027134283,139.45755267892025,17,21,10000,20260903,finite clusters only; no missing-geometry imputation
small,independent-unit-macro,MPVPE_mm,313.0632765749858,256.38833663569574,371.99392824582156,17,21,10000,20260903,finite clusters only; no missing-geometry imputation
small,independent-unit-macro,AdapterShared-W-MPJPE_mm,1102.3581256764664,689.2467344493941,1542.2799438587306,8,21,10000,20260903,finite clusters only; no missing-geometry imputation
small,independent-unit-macro,AdapterShared-WA-MPJPE_mm,334.4891788364495,257.2316613257451,426.1889017977412,17,21,10000,20260903,finite clusters only; no missing-geometry imputation
small,independent-unit-macro,ATE-Sim3_m,0.09395751206972568,0.053723789082642255,0.14871802706207585,21,21,10000,20260903,finite clusters only; no missing-geometry imputation
small,independent-unit-macro,ATE-SE3_m,0.1814908616695751,0.12141033978393556,0.24792104333346487,21,21,10000,20260903,finite clusters only; no missing-geometry imputation
small,independent-unit-macro,RPE-translation_m,0.01631443581400651,0.012988234533647874,0.01999345635765773,8,21,10000,20260903,finite clusters only; no missing-geometry imputation
small,independent-unit-macro,RPE-rotation_deg,0.1601245003826285,0.14005945560160302,0.17653725869785483,8,21,10000,20260903,finite clusters only; no missing-geometry imputation
small,independent-unit-macro,Camera-seam-translation_m,1.205157950636793,1.0352994415111443,1.3661088998722901,8,21,10000,20260903,finite clusters only; no missing-geometry imputation
small,independent-unit-macro,Camera-seam-rotation_deg,13.171488688550955,12.451443201651438,13.908175143593734,8,21,10000,20260903,finite clusters only; no missing-geometry imputation
small,independent-unit-macro,Human-seam_mm,150.03259508065324,150.03259508065324,150.03259508065324,1,21,10000,20260903,finite clusters only; no missing-geometry imputation
small,independent-unit-macro,IDF1,0.08470558288617798,0.036448887768745525,0.14603580481007258,21,21,10000,20260903,finite clusters only; no missing-geometry imputation
small,independent-unit-macro,IDs,5.428571428571429,2.238095238095238,9.38214285714284,21,21,10000,20260903,finite clusters only; no missing-geometry imputation
small,independent-unit-macro,Coverage,0.16365079365079366,0.071265873015873,0.28476587301587303,21,21,10000,20260903,finite clusters only; no missing-geometry imputation
small,independent-unit-macro,Precision,0.08044948901454944,0.03411332701530119,0.14183946377949383,21,21,10000,20260903,finite clusters only; no missing-geometry imputation
